scenario_index,model_key,alpha,p_event,seed,gate_passing_trajectories,common_rarefied_depth,provenance_unique_endpoints,unlabeled_topology_unique_endpoints,unique_inflation_ratio,provenance_effective_shannon,unlabeled_topology_effective_shannon,effective_shannon_inflation_ratio,copy_identity_normalized_unique_endpoints,copy_identity_unique_inflation_ratio,copy_identity_normalized_effective_shannon,copy_identity_effective_shannon_inflation_ratio,reference_alias_normalized_unique_endpoints,reference_alias_unique_inflation_ratio,reference_alias_normalized_effective_shannon,reference_alias_effective_shannon_inflation_ratio,provenance_inverse_simpson,unlabeled_topology_inverse_simpson,provenance_rarefied_effective_shannon_mean,unlabeled_topology_rarefied_effective_shannon_mean,paired_rarefied_effective_shannon_inflation_mean,paired_rarefied_effective_shannon_inflation_ci_low,paired_rarefied_effective_shannon_inflation_ci_high,copy_identity_normalized_rarefied_effective_shannon_mean,copy_identity_paired_rarefied_inflation_mean,copy_identity_paired_rarefied_inflation_ci_low,copy_identity_paired_rarefied_inflation_ci_high,reference_alias_normalized_rarefied_effective_shannon_mean,reference_alias_paired_rarefied_inflation_mean,reference_alias_paired_rarefied_inflation_ci_low,reference_alias_paired_rarefied_inflation_ci_high,unlabeled_topology_rarefied_ci_low,unlabeled_topology_rarefied_ci_high,topology_groups_merging_multiple_provenance_ids,max_provenance_ids_per_topology,fraction_trajectories_in_merged_topology_groups
1,linear_distance,0.5,0.03,3697332404,8007,1144,2561,2561,1.0,24.117226064186053,24.117226064186053,1.0,2561,1.0,24.117226064186053,1.0,2561,1.0,24.117226064186053,1.0,2.197612600394626,2.197612600394626,12.884975914737206,12.884975914737204,1.0,0.9999999999999996,1.0000000000000004,12.884975914737204,1.0000000000000002,0.9999999999999996,1.0000000000000009,12.884975914737204,1.0000000000000002,0.9999999999999996,1.0000000000000009,10.700544510454657,15.77905940439508,0,1,0.0
2,linear_distance,0.5,0.05,1368124422,6889,1144,3230,3230,1.0,93.7362679503313,93.7362679503313,1.0,3230,1.0,93.7362679503313,1.0,3230,1.0,93.7362679503313,1.0,3.65080099299761,3.65080099299761,40.94273098607849,40.94273098607848,1.0,0.9999999999999996,1.0000000000000009,40.94273098607848,1.0,0.9999999999999996,1.0000000000000009,40.94273098607848,1.0,0.9999999999999996,1.0000000000000009,32.77195678693662,49.30525486891548,0,1,0.0
3,linear_distance,0.5,0.07,2525498675,5848,1144,3464,3463,1.0002887669650593,259.834618205978,259.4457931960758,1.0014986753306436,3463,1.0002887669650593,259.4457931960758,1.0014986753306436,3464,1.0,259.834618205978,1.0,6.246952521551633,6.241619038093849,97.74355278221168,97.63781035992807,1.0010615271082073,0.999999999999999,1.0062672842895082,97.63781035992803,1.0010615271082075,0.9999999999999991,1.0062672842895086,97.74355278221167,1.0,0.999999999999999,1.0000000000000009,81.2954587768325,113.20844328974557,1,2,0.40013679890560877
4,linear_distance,0.5,0.09,340349571,5178,1144,3635,3635,1.0,610.2198951660125,610.2198951660125,1.0,3635,1.0,610.2198951660125,1.0,3635,1.0,610.2198951660125,1.0,11.802039278382106,11.802039278382106,208.12465727993796,208.12465727993794,1.0,0.9999999999999991,1.0000000000000009,208.12465727993794,1.0000000000000002,0.9999999999999991,1.0000000000000009,208.12465727993794,1.0000000000000002,0.9999999999999991,1.0000000000000009,182.92501565999302,238.46567022149452,0,1,0.0
5,linear_distance,0.5,0.1,3432696791,4791,1144,3576,3576,1.0,829.2900227185706,829.2900227185706,1.0,3576,1.0,829.2900227185706,1.0,3576,1.0,829.2900227185706,1.0,16.4137643275619,16.4137643275619,285.74000392414376,285.7400039241437,1.0,0.9999999999999991,1.0000000000000009,285.74000392414376,1.0,0.9999999999999991,1.0000000000000009,285.74000392414376,1.0,0.9999999999999991,1.0000000000000009,249.17388304332206,331.0857638396883,0,1,0.0
6,linear_distance,0.5,0.12,2826128352,4151,1144,3373,3373,1.0,1220.803984012768,1220.803984012768,1.0,3373,1.0,1220.803984012768,1.0,3373,1.0,1220.803984012768,1.0,29.501411653115117,29.501411653115117,428.92441408951913,428.92441408951913,1.0,0.9999999999999991,1.0000000000000009,428.92441408951913,1.0,0.9999999999999991,1.0000000000000009,428.92441408951913,1.0,0.9999999999999991,1.0000000000000009,383.475816040836,494.144565925509,0,1,0.0
7,linear_distance,0.5,0.15,3791611920,3381,1144,2978,2977,1.0003359086328518,1661.452269212864,1658.019541160618,1.0020703785251186,2977,1.0003359086328518,1658.019541160618,1.0020703785251186,2978,1.0,1661.452269212864,1.0,70.13455509267493,69.79199457839046,643.7616341351855,642.7567584051466,1.0015455237815682,0.9999999999999991,1.0052294766425995,642.7567584051466,1.001545523781568,0.999999999999999,1.0052294766425995,643.7616341351854,1.0,0.9999999999999991,1.0000000000000009,587.952646356799,690.6962662980345,1,2,0.11860396332446022
8,linear_distance,0.5,0.18,732349602,2680,1144,2498,2498,1.0,1891.3233719223745,1891.3233719223745,1.0,2498,1.0,1891.3233719223745,1.0,2498,1.0,1891.3233719223745,1.0,207.8842257597686,207.8842257597686,856.4427596318244,856.4427596318243,1.0000000000000002,0.9999999999999991,1.0000000000000009,856.4427596318244,1.0,0.9999999999999991,1.0000000000000009,856.4427596318244,1.0,0.9999999999999991,1.0000000000000009,814.0506066132751,901.6168919884117,0,1,0.0
9,linear_distance,0.5,0.2,2160132656,2406,1144,2275,2275,1.0,1840.580889838723,1840.580889838723,1.0,2275,1.0,1840.580889838723,1.0,2275,1.0,1840.580889838723,1.0,293.87937861711856,293.87937861711856,915.9860180471436,915.9860180471437,1.0,0.999999999999999,1.0000000000000009,915.9860180471435,1.0,0.9999999999999991,1.0000000000000009,915.9860180471435,1.0,0.9999999999999991,1.0000000000000009,874.039323535044,953.9647845237564,0,1,0.0
10,linear_distance,0.5,0.25,1175439774,1582,1144,1547,1547,1.0,1458.1132336595754,1458.1132336595754,1.0,1547,1.0,1458.1132336595754,1.0,1547,1.0,1458.1132336595754,1.0,880.6206896551722,880.6206896551722,1062.2467435673675,1062.2467435673677,0.9999999999999997,0.9999999999999991,1.0000000000000009,1062.246743567368,0.9999999999999997,0.9999999999999991,1.0,1062.246743567368,0.9999999999999997,0.9999999999999991,1.0,1044.2648741134806,1081.8187801264444,0,1,0.0
11,linear_distance,0.5,0.3,3346694520,1144,1144,1139,1139,1.0,1133.2997986435084,1133.2997986435084,1.0,1139,1.0,1133.2997986435084,1.0,1139,1.0,1133.2997986435084,1.0,1114.7666098807492,1114.7666098807492,1133.2997986435082,1133.2997986435082,1.0,1.0,1.0,1133.2997986435082,1.0,1.0,1.0,1133.2997986435082,1.0,1.0,1.0,1133.2997986435084,1133.2997986435084,0,1,0.0
12,linear_distance,1.0,0.03,280539570,8436,1144,2836,2836,1.0,31.863736883331452,31.863736883331452,1.0,2836,1.0,31.863736883331452,1.0,2836,1.0,31.863736883331452,1.0,2.40009615750405,2.40009615750405,16.12889087267687,16.12889087267687,1.0,0.9999999999999996,1.0000000000000007,16.12889087267687,1.0,0.9999999999999996,1.0000000000000007,16.12889087267687,1.0,0.9999999999999996,1.0000000000000007,13.36129242837698,19.10997434604557,0,1,0.0
13,linear_distance,1.0,0.05,4156490522,7486,1144,3714,3713,1.0002693239967682,147.21958583628566,147.19232551225525,1.0001852020744664,3713,1.0002693239967682,147.19232551225525,1.0001852020744664,3714,1.0,147.21958583628566,1.0,4.422754153972863,4.422753455875689,56.652121769081525,56.650774520112456,1.0000242506058274,0.9999999999999991,1.0000000000000009,56.650774520112456,1.0000242506058274,0.9999999999999991,1.0000000000000009,56.652121769081525,1.0,0.9999999999999991,1.0000000000000009,48.463055454879175,67.1750470132358,1,2,0.0002671653753673524
14,linear_distance,1.0,0.07,1740433454,6733,1144,4201,4201,1.0,426.9898170399976,426.9898170399976,1.0,4201,1.0,426.9898170399976,1.0,4201,1.0,426.9898170399976,1.0,8.139361505965294,8.139361505965294,141.6145989799417,141.61459897994166,1.0,0.999999999999999,1.0000000000000009,141.6145989799417,1.0,0.999999999999999,1.0000000000000009,141.6145989799417,1.0,0.999999999999999,1.0000000000000009,122.05669698588459,165.9581942719076,0,1,0.0
15,linear_distance,1.0,0.09,1595675989,5895,1144,4237,4237,1.0,840.7750553129854,840.7750553129854,1.0,4237,1.0,840.7750553129854,1.0,4237,1.0,840.7750553129854,1.0,14.605597456389415,14.605597456389415,257.4480590788416,257.4480590788415,1.0,0.9999999999999991,1.0000000000000009,257.4480590788415,1.0,0.9999999999999991,1.0000000000000009,257.4480590788415,1.0,0.9999999999999991,1.0000000000000009,220.26588877022832,298.93476589666346,0,1,0.0
16,linear_distance,1.0,0.1,3958821903,5578,1144,4263,4263,1.0,1155.8102818536127,1155.8102818536127,1.0,4263,1.0,1155.8102818536127,1.0,4263,1.0,1155.8102818536127,1.0,20.97722001682811,20.97722001682811,341.9486171719782,341.9486171719781,1.0,0.9999999999999991,1.0000000000000009,341.948617171978,1.0000000000000002,0.9999999999999991,1.000000000000001,341.948617171978,1.0000000000000002,0.9999999999999991,1.000000000000001,301.42337362234446,387.78718118455987,0,1,0.0
17,linear_distance,1.0,0.12,2778378777,4985,1144,4173,4173,1.0,1821.723418410887,1821.723418410887,1.0,4173,1.0,1821.723418410887,1.0,4173,1.0,1821.723418410887,1.0,44.54028035925846,44.54028035925846,529.4755401851037,529.4755401851037,1.0,0.9999999999999996,1.000000000000001,529.4755401851037,1.0000000000000002,1.0,1.000000000000001,529.4755401851037,1.0000000000000002,1.0,1.000000000000001,478.0638817520097,577.1925278051059,0,1,0.0
18,linear_distance,1.0,0.15,1037225636,4048,1144,3675,3675,1.0,2435.7680350883675,2435.7680350883675,1.0,3675,1.0,2435.7680350883675,1.0,3675,1.0,2435.7680350883675,1.0,133.45417229977366,133.45417229977366,770.3047443483962,770.3047443483963,1.0,0.9999999999999991,1.0000000000000009,770.304744348396,1.0000000000000002,0.9999999999999991,1.0000000000000009,770.304744348396,1.0000000000000002,0.9999999999999991,1.0000000000000009,715.4052790606042,829.1671047763991,0,1,0.0
19,linear_distance,1.0,0.18,1673311115,3477,1144,3286,3286,1.0,2637.375824975089,2637.375824975089,1.0,3286,1.0,2637.375824975089,1.0,3286,1.0,2637.375824975089,1.0,331.77444496281475,331.77444496281475,924.8811340950438,924.8811340950438,1.0,0.9999999999999991,1.0000000000000009,924.8811340950438,1.0,0.9999999999999991,1.0000000000000009,924.8811340950438,1.0,0.9999999999999991,1.0000000000000009,875.4510398991226,972.8617420171082,0,1,0.0
20,linear_distance,1.0,0.2,3518261095,3066,1144,2937,2937,1.0,2527.013231507423,2527.013231507423,1.0,2937,1.0,2527.013231507423,1.0,2937,1.0,2527.013231507423,1.0,533.9897750511249,533.9897750511249,981.5362373274102,981.5362373274102,1.0,0.9999999999999991,1.0000000000000009,981.5362373274104,1.0,0.9999999999999991,1.0000000000000009,981.5362373274104,1.0,0.9999999999999991,1.0000000000000009,943.8007395747418,1022.3212855248089,0,1,0.0
21,linear_distance,1.0,0.25,92951844,2370,1144,2340,2339,1.000427533133818,2265.9017944373827,2264.5767782518524,1.0005851054370314,2339,1.000427533133818,2264.5767782518524,1.0005851054370314,2340,1.0,2265.9017944373827,1.0,1702.0909090909095,1701.059963658389,1104.5170587866953,1104.2228832432434,1.0002667566641015,0.9999999999999992,1.0012125302913712,1104.2228832432434,1.0002667566641015,1.0,1.0012125302913712,1104.517058786695,1.0,0.9999999999999996,1.0000000000000009,1088.7088879012792,1121.2043284878287,1,2,0.0008438818565400844
22,linear_distance,1.0,0.3,1561271711,1682,1144,1674,1674,1.0,1662.3407705536786,1662.3407705536786,1.0,1674,1.0,1662.3407705536786,1.0,1674,1.0,1662.3407705536786,1.0,1612.9555302166477,1612.9555302166477,1133.2492465268454,1133.249246526845,1.0000000000000002,1.0,1.000000000000001,1133.2492465268451,1.0000000000000002,1.0,1.000000000000001,1133.2492465268451,1.0000000000000002,1.0,1.000000000000001,1127.4848367157053,1140.708906191941,0,1,0.0
23,linear_distance,1.5,0.03,2576302229,8776,1144,2981,2981,1.0,40.99152368036103,40.99152368036103,1.0,2981,1.0,40.99152368036103,1.0,2981,1.0,40.99152368036103,1.0,2.6281739825497676,2.6281739825497676,20.189434207579055,20.18943420757905,1.0,0.9999999999999996,1.0000000000000007,20.18943420757905,1.0000000000000002,0.9999999999999996,1.0000000000000009,20.18943420757905,1.0000000000000002,0.9999999999999996,1.0000000000000009,16.29075015961485,25.29087023472207,0,1,0.0
24,linear_distance,1.5,0.05,2692316041,8093,1144,4063,4063,1.0,193.71689270112125,193.71689270112125,1.0,4063,1.0,193.71689270112125,1.0,4063,1.0,193.71689270112125,1.0,5.0208951985904,5.0208951985904,70.49124147888195,70.49124147888193,1.0000000000000002,0.9999999999999991,1.000000000000001,70.49124147888193,1.0000000000000002,0.9999999999999991,1.000000000000001,70.49124147888193,1.0000000000000002,0.9999999999999991,1.000000000000001,57.746504999756795,84.92415530969802,0,1,0.0
25,linear_distance,1.5,0.07,1182193551,7363,1144,4585,4585,1.0,548.907255283111,548.907255283111,1.0,4585,1.0,548.907255283111,1.0,4585,1.0,548.907255283111,1.0,9.536935596824478,9.536935596824478,167.26525856944482,167.26525856944477,1.0,0.999999999999999,1.0000000000000009,167.26525856944482,1.0,0.999999999999999,1.0000000000000009,167.26525856944482,1.0,0.999999999999999,1.0000000000000009,143.47718710776832,195.8951918799795,0,1,0.0
26,linear_distance,1.5,0.09,2683194250,6743,1144,4938,4937,1.0002025521571805,1212.8468420052834,1211.3499282014338,1.0012357402010765,4938,1.0,1212.8468420052834,1.0,4937,1.0002025521571805,1211.3499282014338,1.0012357402010765,19.603831685238728,19.578153425764103,319.2201527445606,318.96466874439733,1.0008054434357196,0.999999999999999,1.0057927755087885,319.22015274456055,1.0,0.9999999999999991,1.0000000000000013,318.9646687443972,1.0008054434357196,0.9999999999999991,1.005792775508789,273.30688421501554,365.3012015219983,1,2,0.22571555687379505
27,linear_distance,1.5,0.1,140491699,6433,1144,5026,5026,1.0,1673.3495688669034,1673.3495688669034,1.0,5026,1.0,1673.3495688669034,1.0,5026,1.0,1673.3495688669034,1.0,29.69856062394732,29.69856062394732,423.9933241053872,423.9933241053872,1.0,0.9999999999999991,1.0000000000000009,423.9933241053872,1.0000000000000002,0.9999999999999991,1.0000000000000009,423.9933241053872,1.0000000000000002,0.9999999999999991,1.0000000000000009,374.1158927802765,473.32301917414037,0,1,0.0
28,linear_distance,1.5,0.12,2157732798,5975,1144,5030,5030,1.0,2356.722030105563,2356.722030105563,1.0,5030,1.0,2356.722030105563,1.0,5030,1.0,2356.722030105563,1.0,55.30684692974914,55.30684692974914,578.9865311491625,578.9865311491624,1.0,0.9999999999999991,1.000000000000001,578.9865311491624,1.0000000000000002,0.9999999999999991,1.0000000000000016,578.9865311491624,1.0000000000000002,0.9999999999999991,1.0000000000000016,519.0091869585273,645.3139822692895,0,1,0.0
29,linear_distance,1.5,0.15,426479639,5236,1144,4760,4760,1.0,3234.08076766583,3234.08076766583,1.0,4760,1.0,3234.08076766583,1.0,4760,1.0,3234.08076766583,1.0,163.77357228195942,163.77357228195942,808.8124042221175,808.8124042221175,1.0,0.9999999999999991,1.0000000000000009,808.8124042221175,1.0,0.9999999999999991,1.0000000000000009,808.8124042221175,1.0,0.9999999999999991,1.0000000000000009,745.3860762424016,862.9868923519391,0,1,0.0
30,linear_distance,1.5,0.18,3754543510,4593,1144,4380,4380,1.0,3677.9245603633494,3677.9245603633494,1.0,4380,1.0,3677.9245603633494,1.0,4380,1.0,3677.9245603633494,1.0,530.0281148714856,530.0281148714856,973.2400869172618,973.2400869172618,1.0,0.9999999999999991,1.0000000000000009,973.2400869172619,1.0,0.999999999999999,1.0000000000000009,973.2400869172619,1.0,0.999999999999999,1.0000000000000009,927.1850367456001,1014.917425754702,0,1,0.0
31,linear_distance,1.5,0.2,770846889,4289,1144,4173,4173,1.0,3808.5332591545225,3808.5332591545225,1.0,4173,1.0,3808.5332591545225,1.0,4173,1.0,3808.5332591545225,1.0,1191.3425943915543,1191.3425943915543,1054.2068887863124,1054.2068887863124,1.0,0.9999999999999991,1.0000000000000009,1054.2068887863124,0.9999999999999997,0.9999999999999991,1.0,1054.2068887863124,0.9999999999999997,0.9999999999999991,1.0,1023.3540099565666,1083.818238529639,0,1,0.0
32,linear_distance,1.5,0.25,2950421996,3311,1144,3287,3287,1.0,3231.4981406687784,3231.4981406687784,1.0,3287,1.0,3231.4981406687784,1.0,3287,1.0,3231.4981406687784,1.0,2803.0480695474307,2803.0480695474307,1124.957872506049,1124.9578725060487,1.0000000000000002,1.0,1.0000000000000009,1124.9578725060487,1.0,1.0,1.000000000000001,1124.9578725060487,1.0,1.0,1.000000000000001,1107.6434459207603,1138.4682401127905,0,1,0.0
33,linear_distance,1.5,0.3,2308636446,2658,1144,2648,2648,1.0,2631.7535963947835,2631.7535963947835,1.0,2648,1.0,2631.7535963947835,1.0,2648,1.0,2631.7535963947835,1.0,2552.3713872832373,2552.3713872832373,1136.5499914942409,1136.5499914942404,1.0000000000000007,1.0,1.000000000000001,1136.5499914942407,1.0000000000000002,1.0,1.000000000000001,1136.5499914942407,1.0000000000000002,1.0,1.000000000000001,1127.4848367157053,1143.3419089949455,0,1,0.0
34,linear_distance,2.0,0.03,624955490,9086,1144,2990,2990,1.0,48.542843147358454,48.542843147358454,1.0,2990,1.0,48.542843147358454,1.0,2990,1.0,48.542843147358454,1.0,2.8243003821913004,2.8243003821913004,23.309347120491108,23.30934712049111,1.0,0.9999999999999994,1.0000000000000004,23.3093471204911,1.0,0.9999999999999994,1.0000000000000009,23.3093471204911,1.0,0.9999999999999994,1.0000000000000009,19.06146220968405,27.905065072844017,0,1,0.0
35,linear_distance,2.0,0.05,2715674654,8555,1144,4164,4163,1.0002402113860196,238.18187106650416,237.92627282181047,1.0010742749914177,4164,1.0,238.18187106650416,1.0,4163,1.0002402113860196,237.92627282181047,1.0010742749914177,5.681866438298998,5.678702831024969,83.66040916598102,83.57089621614517,1.0010693320774438,0.9999999999999991,1.0063096168463743,83.660409165981,1.0000000000000002,0.9999999999999991,1.000000000000001,83.57089621614517,1.0010693320774435,0.9999999999999991,1.0063096168463739,70.66325661312733,98.54701613838564,1,2,0.41952074810052603
36,linear_distance,2.0,0.07,308999449,7988,1144,4977,4977,1.0,743.9684356359561,743.9684356359561,1.0,4977,1.0,743.9684356359561,1.0,4977,1.0,743.9684356359561,1.0,11.951346621234865,11.951346621234865,212.4725861343941,212.4725861343941,1.0,0.999999999999999,1.0000000000000009,212.47258613439405,1.0,0.999999999999999,1.0000000000000009,212.47258613439405,1.0,0.999999999999999,1.0000000000000009,176.20149309400935,246.47154909464336,0,1,0.0
37,linear_distance,2.0,0.09,3011066200,7424,1144,5340,5340,1.0,1432.22250690837,1432.22250690837,1.0,5340,1.0,1432.22250690837,1.0,5340,1.0,1432.22250690837,1.0,22.84226275091322,22.84226275091322,357.4822608268034,357.4822608268034,1.0,0.999999999999999,1.0000000000000009,357.4822608268034,1.0,0.999999999999999,1.0000000000000009,357.4822608268034,1.0,0.999999999999999,1.0000000000000009,316.41951488701596,405.79629157275866,0,1,0.0
38,linear_distance,2.0,0.1,4101281670,7285,1144,5604,5601,1.0005356186395287,1984.195371384643,1979.3996688189065,1.0024228065919594,5603,1.0001784758165269,1983.8178261338549,1.0001903124600529,5602,1.00035701535166,1979.7763732393057,1.0022320693412998,34.522158525059055,34.41131235244878,457.0534385630524,456.16273151780405,1.0019637081999884,0.9999999999999991,1.006722795787953,457.0370441732806,1.0000363759087412,0.9999999999999991,1.0006365784029703,456.17906528211927,1.0019271988448346,0.9999999999999992,1.0055944351107193,405.9529459532302,510.32169060616,2,3,0.17035003431708992
39,linear_distance,2.0,0.12,4216611858,6805,1144,5715,5715,1.0,2942.7527288328756,2942.7527288328756,1.0,5715,1.0,2942.7527288328756,1.0,5715,1.0,2942.7527288328756,1.0,73.95805883358173,73.95805883358173,637.9836921317768,637.9836921317768,1.0000000000000002,0.9999999999999991,1.0000000000000009,637.9836921317768,1.0000000000000002,0.9999999999999991,1.0000000000000016,637.9836921317768,1.0000000000000002,0.9999999999999991,1.0000000000000016,565.7588442248315,696.5628538762612,0,1,0.0
40,linear_distance,2.0,0.15,3319947148,6173,1144,5672,5672,1.0,4232.084393946144,4232.084393946144,1.0,5672,1.0,4232.084393946144,1.0,5672,1.0,4232.084393946144,1.0,279.268657153955,279.268657153955,890.9229622420229,890.9229622420229,1.0,0.9999999999999991,1.0000000000000009,890.9229622420229,1.0,0.9999999999999991,1.0000000000000009,890.9229622420229,1.0,0.9999999999999991,1.0000000000000009,836.9241230118988,953.29206042427,0,1,0.0
41,linear_distance,2.0,0.18,1764842416,5557,1144,5335,5335,1.0,4629.584114636227,4629.584114636227,1.0,5335,1.0,4629.584114636227,1.0,5335,1.0,4629.584114636227,1.0,785.5371015746225,785.5371015746225,1012.582954198291,1012.5829541982911,1.0,0.9999999999999991,1.0000000000000009,1012.5829541982911,1.0,0.9999999999999991,1.0000000000000009,1012.5829541982911,1.0,0.9999999999999991,1.0000000000000009,978.7238571185702,1047.2546380300814,0,1,0.0
42,linear_distance,2.0,0.2,212422559,5255,1144,5119,5119,1.0,4704.451499166669,4704.451499166669,1.0,5119,1.0,4704.451499166669,1.0,5119,1.0,4704.451499166669,1.0,1481.4132825492195,1481.4132825492195,1062.3744013220658,1062.3744013220658,1.0,0.9999999999999991,1.0000000000000009,1062.3744013220658,1.0,0.9999999999999991,1.0000000000000009,1062.3744013220658,1.0,0.9999999999999991,1.0000000000000009,1026.84568386049,1097.4916006208089,0,1,0.0
43,linear_distance,2.0,0.25,1281578188,4468,1144,4433,4433,1.0,4346.999783144,4346.999783144,1.0,4433,1.0,4346.999783144,1.0,4433,1.0,4346.999783144,1.0,3568.649267071863,3568.649267071863,1123.814658898179,1123.814658898179,1.0000000000000002,1.0,1.0000000000000009,1123.814658898179,1.0,1.0,1.000000000000001,1123.814658898179,1.0,1.0,1.000000000000001,1108.6636585637289,1137.8133312768148,0,1,0.0
44,linear_distance,2.0,0.3,3171143693,3710,1144,3698,3698,1.0,3678.9256935620483,3678.9256935620483,1.0,3698,1.0,3678.9256935620483,1.0,3698,1.0,3678.9256935620483,1.0,3580.67117585848,3580.67117585848,1138.780360958709,1138.7803609587086,1.0000000000000004,1.0,1.000000000000001,1138.7803609587088,1.0000000000000002,1.0,1.000000000000001,1138.7803609587088,1.0000000000000002,1.0,1.000000000000001,1130.4594014800155,1143.999999999998,0,1,0.0
45,partial_hic_fallback,0.5,0.03,1710054020,8084,1144,2535,2535,1.0,22.977607203474346,22.977607203474346,1.0,2535,1.0,22.977607203474346,1.0,2535,1.0,22.977607203474346,1.0,2.1641052044779787,2.1641052044779787,12.372215559991735,12.372215559991735,1.0,0.9999999999999996,1.0000000000000004,12.372215559991732,1.0,0.9999999999999996,1.0000000000000007,12.372215559991732,1.0,0.9999999999999996,1.0000000000000007,9.97030401750489,14.747990316572096,0,1,0.0
46,partial_hic_fallback,0.5,0.05,2452768872,6981,1144,3319,3319,1.0,103.31365495222919,103.31365495222919,1.0,3319,1.0,103.31365495222919,1.0,3319,1.0,103.31365495222919,1.0,3.801440221441967,3.801440221441967,42.88586075659352,42.88586075659351,1.0,0.9999999999999996,1.0000000000000009,42.88586075659351,1.0,0.9999999999999994,1.0000000000000004,42.88586075659351,1.0,0.9999999999999994,1.0000000000000004,35.079540257988555,50.54545261487727,0,1,0.0
47,partial_hic_fallback,0.5,0.07,1291112168,6098,1144,3650,3650,1.0,288.70202921179174,288.70202921179174,1.0,3650,1.0,288.70202921179174,1.0,3650,1.0,288.70202921179174,1.0,6.560320803915139,6.560320803915139,107.65935238910085,107.65935238910085,1.0,0.9999999999999991,1.0000000000000009,107.65935238910085,1.0000000000000002,0.9999999999999991,1.0000000000000009,107.65935238910085,1.0000000000000002,0.9999999999999991,1.0000000000000009,89.81237265437295,126.33690057598865,0,1,0.0
48,partial_hic_fallback,0.5,0.09,1982738802,5276,1144,3749,3749,1.0,675.697803732882,675.697803732882,1.0,3749,1.0,675.697803732882,1.0,3749,1.0,675.697803732882,1.0,12.754366817229185,12.754366817229185,227.60859549535002,227.60859549534996,1.0000000000000002,0.9999999999999991,1.0000000000000009,227.60859549534996,1.0000000000000002,0.9999999999999991,1.0000000000000009,227.60859549534996,1.0000000000000002,0.9999999999999991,1.0000000000000009,192.7288529165367,270.18348309300575,0,1,0.0
49,partial_hic_fallback,0.5,0.1,3581944228,4993,1144,3743,3743,1.0,892.0254668049837,892.0254668049837,1.0,3743,1.0,892.0254668049837,1.0,3743,1.0,892.0254668049837,1.0,17.180139577161288,17.180139577161288,295.859282800239,295.85928280023893,1.0,1.0,1.000000000000001,295.85928280023893,1.0000000000000002,1.0,1.0000000000000018,295.85928280023893,1.0000000000000002,1.0,1.0000000000000018,257.4726636413802,339.1006515224004,0,1,0.0
50,partial_hic_fallback,0.5,0.12,2199721088,4218,1144,3444,3443,1.0002904443799012,1273.8910705460148,1271.5883890784341,1.001810870158424,3443,1.0002904443799012,1271.5883890784341,1.001810870158424,3444,1.0,1273.8910705460148,1.0,30.77798844410613,30.697482297403603,437.63394797690523,437.03154709594384,1.0013876021940147,0.9999999999999991,1.0055988328331003,437.03154709594384,1.0013876021940147,0.9999999999999991,1.0055988328331003,437.6339479769051,1.0,0.9999999999999991,1.0000000000000009,390.6992233276799,490.2264546788233,1,2,0.17994310099573257
51,partial_hic_fallback,0.5,0.15,3528955751,3527,1144,3117,3117,1.0,1771.5524870846677,1771.5524870846677,1.0,3117,1.0,1771.5524870846677,1.0,3117,1.0,1771.5524870846677,1.0,75.14227811705292,75.14227811705292,655.5911671531271,655.591167153127,1.0000000000000002,0.9999999999999991,1.000000000000001,655.591167153127,1.0000000000000002,1.0,1.000000000000001,655.591167153127,1.0000000000000002,1.0,1.000000000000001,612.449230042928,715.2149883705497,0,1,0.0
52,partial_hic_fallback,0.5,0.18,4293388631,2758,1144,2572,2572,1.0,1951.466120177263,1951.466120177263,1.0,2572,1.0,1951.466120177263,1.0,2572,1.0,1951.466120177263,1.0,213.0093531223747,213.0093531223747,859.5250906075058,859.5250906075057,1.0,0.9999999999999991,1.0000000000000009,859.5250906075057,1.0,1.0,1.0000000000000009,859.5250906075057,1.0,1.0,1.0000000000000009,818.4656203373388,904.0107997449246,0,1,0.0
53,partial_hic_fallback,0.5,0.2,992375073,2426,1144,2307,2307,1.0,1921.4038767575798,1921.4038767575798,1.0,2307,1.0,1921.4038767575798,1.0,2307,1.0,1921.4038767575798,1.0,362.4954422271496,362.4954422271496,941.355675293062,941.355675293062,1.0,0.999999999999999,1.0000000000000009,941.355675293062,1.0,0.999999999999999,1.0000000000000009,941.355675293062,1.0,0.999999999999999,1.0000000000000009,901.3496771734905,987.0803873463072,0,1,0.0
54,partial_hic_fallback,0.5,0.25,1877462373,1744,1144,1711,1711,1.0,1631.0524017044622,1631.0524017044622,1.0,1711,1.0,1631.0524017044622,1.0,1711,1.0,1631.0524017044622,1.0,1085.487508922198,1085.487508922198,1077.3537181802974,1077.3537181802972,1.0,0.9999999999999991,1.0000000000000009,1077.3537181802974,1.0,0.9999999999999991,1.0,1077.3537181802974,1.0,0.9999999999999991,1.0,1056.2939228711093,1096.8352047139997,0,1,0.0
55,partial_hic_fallback,0.5,0.3,1407851898,1164,1144,1156,1156,1.0,1144.3920090153329,1144.3920090153329,1.0,1156,1.0,1144.3920090153329,1.0,1156,1.0,1144.3920090153329,1.0,1096.1941747572819,1096.1941747572819,1124.980844381196,1124.980844381196,1.0,1.0,1.0,1124.980844381196,1.0,1.0,1.0,1124.980844381196,1.0,1.0,1.0,1124.394912347227,1127.4848367157053,0,1,0.0
56,partial_hic_fallback,1.0,0.03,3083522482,8349,1144,2751,2751,1.0,30.255352951576793,30.255352951576793,1.0,2751,1.0,30.255352951576793,1.0,2751,1.0,30.255352951576793,1.0,2.3655962267366615,2.3655962267366615,15.4183473351633,15.4183473351633,1.0,0.9999999999999996,1.0000000000000004,15.4183473351633,1.0,0.9999999999999996,1.0000000000000009,15.4183473351633,1.0,0.9999999999999996,1.0000000000000009,13.24941657994314,18.099216101974314,0,1,0.0
57,partial_hic_fallback,1.0,0.05,967491237,7314,1144,3582,3582,1.0,132.87557098208202,132.87557098208202,1.0,3582,1.0,132.87557098208202,1.0,3582,1.0,132.87557098208202,1.0,4.233816717841667,4.233816717841667,53.82814825323705,53.82814825323703,1.0,0.9999999999999996,1.0000000000000009,53.82814825323703,1.0,0.9999999999999996,1.0000000000000009,53.82814825323703,1.0,0.9999999999999996,1.0000000000000009,42.18797398136706,66.77979152008069,0,1,0.0
58,partial_hic_fallback,1.0,0.07,3160849969,6632,1144,4030,4030,1.0,374.63299128215766,374.63299128215766,1.0,4030,1.0,374.63299128215766,1.0,4030,1.0,374.63299128215766,1.0,7.554200172438078,7.554200172438078,126.59929321500654,126.59929321500651,1.0000000000000002,0.9999999999999992,1.0000000000000009,126.59929321500651,1.0000000000000002,0.9999999999999991,1.0000000000000009,126.59929321500651,1.0000000000000002,0.9999999999999991,1.0000000000000009,109.0742279424993,145.37452720772322,0,1,0.0
59,partial_hic_fallback,1.0,0.09,2440376121,5685,1144,4097,4097,1.0,851.8439342590739,851.8439342590739,1.0,4097,1.0,851.8439342590739,1.0,4097,1.0,851.8439342590739,1.0,15.213063307536697,15.213063307536697,265.9415764113999,265.94157641139986,1.0000000000000002,1.0,1.000000000000001,265.9415764113999,1.0,0.999999999999999,1.0000000000000009,265.9415764113999,1.0,0.999999999999999,1.0000000000000009,224.94345519319737,302.7744828937466,0,1,0.0
60,partial_hic_fallback,1.0,0.1,655664069,5307,1144,3967,3966,1.0002521432173475,972.7088047763173,971.220457606051,1.0015324503912684,3966,1.0002521432173475,971.220457606051,1.0015324503912684,3967,1.0,972.7088047763173,1.0,18.14925445269502,18.120202586242957,306.76469679081185,306.3327216560988,1.0013839976852013,0.9999999999999992,1.0058039188106762,306.3327216560988,1.0013839976852013,0.9999999999999991,1.0058039188106762,306.76469679081185,1.0,0.9999999999999991,1.000000000000001,262.66059425495354,347.9692536180695,1,2,0.23459581684567551
61,partial_hic_fallback,1.0,0.12,2377434645,4817,1144,3960,3960,1.0,1564.518216699285,1564.518216699285,1.0,3960,1.0,1564.518216699285,1.0,3960,1.0,1564.518216699285,1.0,36.201771123755556,36.201771123755556,475.6355072110608,475.6355072110608,1.0,0.999999999999999,1.0000000000000009,475.6355072110607,1.0000000000000002,1.0,1.0000000000000016,475.6355072110607,1.0000000000000002,1.0,1.0000000000000016,427.35625511791756,528.2708666982587,0,1,0.0
62,partial_hic_fallback,1.0,0.15,3687257994,3981,1144,3561,3561,1.0,2173.7100065012,2173.7100065012,1.0,3561,1.0,2173.7100065012,1.0,3561,1.0,2173.7100065012,1.0,98.28989524996749,98.28989524996749,710.2381971018804,710.2381971018804,1.0,0.999999999999999,1.0000000000000009,710.2381971018804,1.0,0.9999999999999992,1.0000000000000009,710.2381971018804,1.0,0.9999999999999992,1.0000000000000009,654.1841785062994,763.0417431034497,0,1,0.0
63,partial_hic_fallback,1.0,0.18,1937718534,3285,1144,3096,3096,1.0,2461.081769309719,2461.081769309719,1.0,3096,1.0,2461.081769309719,1.0,3096,1.0,2461.081769309719,1.0,303.76425052779734,303.76425052779734,910.2409960249993,910.2409960249993,1.0,0.9999999999999991,1.0000000000000009,910.2409960249993,1.0,0.9999999999999991,1.0000000000000009,910.2409960249993,1.0,0.9999999999999991,1.0000000000000009,865.7514623209829,963.862312368104,0,1,0.0
64,partial_hic_fallback,1.0,0.2,4261704054,2941,1144,2822,2822,1.0,2440.8232559029548,2440.8232559029548,1.0,2822,1.0,2440.8232559029548,1.0,2822,1.0,2440.8232559029548,1.0,546.2255131038837,546.2255131038837,986.0596192753891,986.0596192753891,1.0,0.9999999999999991,1.0000000000000009,986.0596192753893,1.0,0.9999999999999991,1.0000000000000009,986.0596192753893,1.0,0.9999999999999991,1.0000000000000009,945.7596432875669,1031.1252936490064,0,1,0.0
65,partial_hic_fallback,1.0,0.25,2443038446,2162,1144,2136,2136,1.0,2074.8188929428957,2074.8188929428957,1.0,2136,1.0,2074.8188929428957,1.0,2136,1.0,2074.8188929428957,1.0,1632.0684357541902,1632.0684357541902,1105.141430077951,1105.1414300779513,1.0,0.9999999999999992,1.0000000000000009,1105.141430077951,1.0,0.9999999999999992,1.0000000000000009,1105.141430077951,1.0,0.9999999999999992,1.0000000000000009,1089.4015375335741,1121.2043284878287,0,1,0.0
66,partial_hic_fallback,1.0,0.3,1581526928,1562,1144,1556,1556,1.0,1549.9101790340655,1549.9101790340655,1.0,1556,1.0,1549.9101790340655,1.0,1556,1.0,1549.9101790340655,1.0,1530.642409033877,1530.642409033877,1136.7539254435644,1136.7539254435642,1.0,0.999999999999999,1.000000000000001,1136.7539254435642,1.0000000000000002,1.0,1.000000000000001,1136.7539254435642,1.0000000000000002,1.0,1.000000000000001,1131.9273025015962,1140.9828838387918,0,1,0.0
67,partial_hic_fallback,1.5,0.03,3807846787,8388,1144,2808,2808,1.0,33.01450713682952,33.01450713682952,1.0,2808,1.0,33.01450713682952,1.0,2808,1.0,33.01450713682952,1.0,2.43686157044501,2.43686157044501,16.952825179841295,16.952825179841295,1.0,0.9999999999999994,1.0000000000000004,16.952825179841298,1.0,0.9999999999999996,1.0000000000000004,16.952825179841298,1.0,0.9999999999999996,1.0000000000000004,13.854042280651566,21.23136395015087,0,1,0.0
68,partial_hic_fallback,1.5,0.05,2604182243,7374,1144,3531,3531,1.0,133.33817077964534,133.33817077964534,1.0,3531,1.0,133.33817077964534,1.0,3531,1.0,133.33817077964534,1.0,4.269772398688474,4.269772398688474,53.959993381901505,53.959993381901484,1.0,0.9999999999999992,1.0000000000000009,53.959993381901484,1.0,0.9999999999999994,1.0000000000000009,53.959993381901484,1.0,0.9999999999999994,1.0000000000000009,44.768965071334975,64.6483919054916,0,1,0.0
69,partial_hic_fallback,1.5,0.07,2312135107,6526,1144,3990,3990,1.0,395.0645243688347,395.0645243688347,1.0,3990,1.0,395.0645243688347,1.0,3990,1.0,395.0645243688347,1.0,7.892126344658898,7.892126344658898,133.79794269001002,133.79794269001002,1.0,0.9999999999999991,1.0000000000000009,133.79794269001,1.0000000000000002,0.9999999999999991,1.0000000000000009,133.79794269001,1.0000000000000002,0.9999999999999991,1.0000000000000009,115.75348708571097,156.12354674770972,0,1,0.0
70,partial_hic_fallback,1.5,0.09,1859482873,5888,1144,4173,4173,1.0,781.1675234230137,781.1675234230137,1.0,4173,1.0,781.1675234230137,1.0,4173,1.0,781.1675234230137,1.0,13.705733799513897,13.705733799513897,240.56125741861732,240.5612574186173,1.0,0.9999999999999991,1.0000000000000009,240.56125741861723,1.0000000000000002,0.9999999999999991,1.000000000000001,240.56125741861723,1.0000000000000002,0.9999999999999991,1.000000000000001,204.58201300432535,282.32355788885235,0,1,0.0
71,partial_hic_fallback,1.5,0.1,920122771,5595,1144,4254,4253,1.000235128144839,1179.394091606183,1179.101904860527,1.0002478044895455,4253,1.000235128144839,1179.101904860527,1.0002478044895455,4254,1.0,1179.394091606183,1.0,21.6681687075734,21.66813871086306,347.3969991474862,347.37514384840296,1.0000606265145684,0.9999999999999991,1.0012125302913708,347.3751438484029,1.0000606265145686,1.0,1.0012125302913704,347.3969991474862,1.0000000000000002,1.0,1.0000000000000013,306.948761181081,394.6630912362343,1,2,0.00035746201966041106
72,partial_hic_fallback,1.5,0.12,1352135446,4949,1144,4054,4054,1.0,1650.124229880529,1650.124229880529,1.0,4054,1.0,1650.124229880529,1.0,4054,1.0,1650.124229880529,1.0,38.77565071740792,38.77565071740792,494.32178545429133,494.32178545429133,1.0,0.9999999999999991,1.0000000000000009,494.32178545429133,1.0000000000000002,0.9999999999999991,1.0000000000000013,494.32178545429133,1.0000000000000002,0.9999999999999991,1.0000000000000013,432.7760811678207,545.1349603140026,0,1,0.0
73,partial_hic_fallback,1.5,0.15,2004561742,4111,1144,3715,3715,1.0,2411.218741466593,2411.218741466593,1.0,3715,1.0,2411.218741466593,1.0,3715,1.0,2411.218741466593,1.0,123.98172588087702,123.98172588087702,758.239074284082,758.2390742840819,1.0,0.999999999999999,1.0000000000000009,758.2390742840818,1.0,0.9999999999999991,1.000000000000001,758.2390742840818,1.0,0.9999999999999991,1.000000000000001,697.1364077519265,812.1726773999019,0,1,0.0
74,partial_hic_fallback,1.5,0.18,2061484420,3458,1144,3256,3256,1.0,2571.1837592690167,2571.1837592690167,1.0,3256,1.0,2571.1837592690167,1.0,3256,1.0,2571.1837592690167,1.0,297.8124128312412,297.8124128312412,903.4567883794178,903.4567883794178,1.0,0.9999999999999991,1.0000000000000009,903.4567883794178,1.0,0.9999999999999991,1.0000000000000009,903.4567883794178,1.0,0.9999999999999991,1.0000000000000009,852.2171137510289,944.0930015386086,0,1,0.0
75,partial_hic_fallback,1.5,0.2,1091403980,3078,1144,2946,2946,1.0,2524.4852039621856,2524.4852039621856,1.0,2946,1.0,2524.4852039621856,1.0,2946,1.0,2524.4852039621856,1.0,516.3551340745586,516.3551340745586,981.0402906698594,981.0402906698594,1.0,0.9999999999999991,1.0000000000000009,981.0402906698594,1.0,0.999999999999999,1.0000000000000009,981.0402906698594,1.0,0.999999999999999,1.0000000000000009,942.3852176127521,1021.4134410444306,0,1,0.0
76,partial_hic_fallback,1.5,0.25,1135711084,2217,1144,2193,2193,1.0,2140.6848438805014,2140.6848438805014,1.0,2193,1.0,2140.6848438805014,1.0,2193,1.0,2140.6848438805014,1.0,1773.7600144352216,1773.7600144352216,1113.3718281991275,1113.3718281991275,1.0,0.9999999999999992,1.0000000000000009,1113.3718281991275,1.0,0.9999999999999992,1.0000000000000009,1113.3718281991275,1.0,0.9999999999999992,1.0000000000000009,1097.937070801278,1128.3277286881898,0,1,0.0
77,partial_hic_fallback,1.5,0.3,4122858386,1715,1144,1706,1706,1.0,1692.1280338954468,1692.1280338954468,1.0,1706,1.0,1692.1280338954468,1.0,1706,1.0,1692.1280338954468,1.0,1629.4875346260394,1629.4875346260394,1131.1253353128857,1131.1253353128852,1.0000000000000002,1.0,1.000000000000001,1131.1253353128852,1.0,1.0,1.0,1131.1253353128852,1.0,1.0,1.0,1124.394912347227,1138.4682401127905,0,1,0.0
78,partial_hic_fallback,2.0,0.03,1713891987,8402,1144,2722,2722,1.0,30.322153014157383,30.322153014157383,1.0,2722,1.0,30.322153014157383,1.0,2722,1.0,30.322153014157383,1.0,2.3729282308378608,2.3729282308378608,15.815420322283225,15.815420322283225,1.0,0.9999999999999996,1.0000000000000004,15.815420322283222,1.0,0.9999999999999996,1.0000000000000007,15.815420322283222,1.0,0.9999999999999996,1.0000000000000007,13.023411242315788,18.742974532636,0,1,0.0
79,partial_hic_fallback,2.0,0.05,3032681791,7391,1144,3607,3607,1.0,146.01771043378528,146.01771043378528,1.0,3607,1.0,146.01771043378528,1.0,3607,1.0,146.01771043378528,1.0,4.450053142191429,4.450053142191429,58.35162604365648,58.351626043656466,1.0,0.9999999999999991,1.0000000000000009,58.35162604365646,1.0,0.9999999999999991,1.0000000000000009,58.35162604365646,1.0,0.9999999999999991,1.0000000000000009,48.528710829213914,70.58440116516469,0,1,0.0
80,partial_hic_fallback,2.0,0.07,1316201356,6597,1144,4044,4044,1.0,409.41530638056935,409.41530638056935,1.0,4044,1.0,409.41530638056935,1.0,4044,1.0,409.41530638056935,1.0,8.057674223812754,8.057674223812754,138.30695861080912,138.30695861080912,1.0,0.9999999999999991,1.0000000000000009,138.30695861080906,1.0000000000000002,0.9999999999999996,1.000000000000001,138.30695861080906,1.0000000000000002,0.9999999999999996,1.000000000000001,116.03460924302729,166.12491272411452,0,1,0.0
81,partial_hic_fallback,2.0,0.09,3674923251,5881,1144,4185,4185,1.0,853.4796084661599,853.4796084661599,1.0,4185,1.0,853.4796084661599,1.0,4185,1.0,853.4796084661599,1.0,15.057264880984773,15.057264880984773,260.9457268639595,260.94572686395946,1.0000000000000002,0.9999999999999991,1.000000000000001,260.94572686395946,1.0000000000000002,0.9999999999999991,1.000000000000001,260.94572686395946,1.0000000000000002,0.9999999999999991,1.000000000000001,230.3849899138401,297.80912714183285,0,1,0.0
82,partial_hic_fallback,2.0,0.1,1477168291,5523,1144,4213,4213,1.0,1197.9996479110625,1197.9996479110625,1.0,4213,1.0,1197.9996479110625,1.0,4213,1.0,1197.9996479110625,1.0,22.359569924946506,22.359569924946506,358.864869722095,358.864869722095,1.0000000000000002,0.9999999999999991,1.0000000000000009,358.86486972209497,1.0000000000000002,0.9999999999999991,1.000000000000001,358.86486972209497,1.0000000000000002,0.9999999999999991,1.000000000000001,318.00052359182126,400.2896907262864,0,1,0.0
83,partial_hic_fallback,2.0,0.12,2079310279,4813,1144,3927,3927,1.0,1518.7961267959954,1518.7961267959954,1.0,3927,1.0,1518.7961267959954,1.0,3927,1.0,1518.7961267959954,1.0,34.82820268793196,34.82820268793196,465.3527826870117,465.3527826870117,1.0,0.999999999999999,1.0000000000000009,465.35278268701165,1.0,0.999999999999999,1.0000000000000009,465.35278268701165,1.0,0.999999999999999,1.0000000000000009,412.35732734116306,527.2183567063554,0,1,0.0
84,partial_hic_fallback,2.0,0.15,1585545789,4057,1144,3596,3596,1.0,2136.1291123797932,2136.1291123797932,1.0,3596,1.0,2136.1291123797932,1.0,3596,1.0,2136.1291123797932,1.0,90.95266487994921,90.95266487994921,688.9329711312575,688.9329711312577,1.0,0.9999999999999991,1.0000000000000009,688.9329711312575,1.0,0.9999999999999991,1.000000000000001,688.9329711312575,1.0,0.9999999999999991,1.000000000000001,640.5559608521761,747.2751296910486,0,1,0.0
85,partial_hic_fallback,2.0,0.18,3604147398,3407,1144,3221,3221,1.0,2613.9194108508086,2613.9194108508086,1.0,3221,1.0,2613.9194108508086,1.0,3221,1.0,2613.9194108508086,1.0,356.9936644625557,356.9936644625557,930.1104276262663,930.1104276262664,1.0,0.999999999999999,1.0000000000000009,930.1104276262663,1.0,0.999999999999999,1.0000000000000009,930.1104276262663,1.0,0.999999999999999,1.0000000000000009,891.1294980452193,981.8146109902282,0,1,0.0
86,partial_hic_fallback,2.0,0.2,780218145,3060,1144,2937,2937,1.0,2546.1671723366635,2546.1671723366635,1.0,2937,1.0,2546.1671723366635,1.0,2937,1.0,2546.1671723366635,1.0,570.3947368421054,570.3947368421054,991.9076704107641,991.9076704107644,1.0,0.9999999999999991,1.0000000000000009,991.9076704107642,1.0,0.9999999999999991,1.0000000000000009,991.9076704107642,1.0,0.9999999999999991,1.0000000000000009,950.2969856381493,1035.7891912687328,0,1,0.0
87,partial_hic_fallback,2.0,0.25,1592633087,2262,1144,2238,2238,1.0,2182.9426958088975,2182.9426958088975,1.0,2238,1.0,2182.9426958088975,1.0,2238,1.0,2182.9426958088975,1.0,1787.7861635220129,1787.7861635220129,1112.1254130302225,1112.1254130302225,1.0,0.9999999999999992,1.0000000000000009,1112.1254130302225,1.0,1.0,1.0000000000000009,1112.1254130302225,1.0,1.0,1.0000000000000009,1096.8352047139997,1127.4848367157053,0,1,0.0
88,partial_hic_fallback,2.0,0.3,2700327069,1707,1144,1701,1701,1.0,1693.432832005454,1693.432832005454,1.0,1701,1.0,1693.432832005454,1.0,1701,1.0,1693.432832005454,1.0,1666.0085763293307,1666.0085763293307,1136.4626705856133,1136.4626705856126,1.0000000000000007,1.0,1.000000000000001,1136.4626705856126,1.0000000000000007,1.0,1.000000000000001,1136.4626705856126,1.0000000000000007,1.0,1.000000000000001,1130.4594014800155,1142.6145452525188,0,1,0.0
