model_key,alpha,p_event,seed,endpoint_type,original_survivor_depth,rarefied_survivor_depth,rarefaction_replicates,unique_endpoints_mean,unique_endpoints_ci_low,unique_endpoints_ci_high,shannon_entropy_mean,shannon_entropy_ci_low,shannon_entropy_ci_high,effective_shannon_diversity_mean,effective_shannon_diversity_ci_low,effective_shannon_diversity_ci_high,inverse_simpson_diversity_mean,inverse_simpson_diversity_ci_low,inverse_simpson_diversity_ci_high
linear_distance,0.5,0.03,3697332404,orf_copy_number,8007,1144,100,151.01,131.475,172.52499999999998,1.0505238540702972,0.9162414787476362,1.1966635043199187,2.866803341153207,2.4998831816780234,3.309058432406272,1.3272043140256042,1.2763928342041728,1.3849689131356329
linear_distance,0.5,0.03,3697332404,structural,8007,1144,100,372.62,344.475,400.09999999999997,2.5576446504816372,2.367096323448546,2.7387426702815136,12.969226527737964,10.666377523042735,15.468389555570528,2.1999498086016893,2.043798105417046,2.359943688534885
linear_distance,0.5,0.05,1368124422,orf_copy_number,6889,1144,100,237.48,214.325,258.525,1.6551490709980496,1.5047695629432234,1.7990672373520646,5.253259284650429,4.503513167910514,6.044007367798224,1.5994446319026259,1.5239849249800232,1.6779463691219527
linear_distance,0.5,0.05,1368124422,structural,6889,1144,100,544.13,510.9,570.5749999999999,3.6907449353993784,3.470866150763099,3.8647780715070854,40.27157473741078,32.1657033169977,47.69276547884172,3.6478902123745938,3.2615384155078275,3.9929601113414503
linear_distance,0.5,0.07,2525498675,orf_copy_number,5848,1144,100,302.28,277.425,324.525,2.103330710026488,1.9246804537247302,2.254693706103447,8.225855827142418,6.854105138696266,9.532374900555617,1.8622082483849842,1.747912376205145,1.9644999245382926
linear_distance,0.5,0.07,2525498675,structural,5848,1144,100,684.09,655.475,711.05,4.5800791809671555,4.399559561305854,4.745996361651974,97.92275460543698,81.41631243623578,115.12653601467527,6.207145407612238,5.479350735216139,6.972472854516135
linear_distance,0.5,0.09,340349571,orf_copy_number,5178,1144,100,398.04,369.425,425.09999999999997,2.751852913190484,2.566920506462931,2.9315392974795116,15.74554886537172,13.0267083657209,18.757473167027985,2.3811448587543946,2.2111108336721674,2.5619396787547433
linear_distance,0.5,0.09,340349571,structural,5178,1144,100,808.99,784.0,833.05,5.342478374036977,5.196467631528898,5.492560932666679,209.71202213862466,180.63386625662,242.8799311233744,11.696110635736853,10.119438783390159,13.632871414314916
linear_distance,0.5,0.1,3432696791,orf_copy_number,4791,1144,100,441.93,412.475,466.09999999999997,3.04424320469868,2.861873246990957,3.1941850044327778,21.08005164150453,17.494305956108626,24.39238630423672,2.6919573737318516,2.491069597805804,2.8703171772739324
linear_distance,0.5,0.1,3432696791,structural,4791,1144,100,858.36,836.95,879.0,5.634273419487273,5.501488206000016,5.746409882434071,280.44447682125644,245.06460877328962,313.06550625101744,16.07189255060619,13.713642091655625,18.340983097761445
linear_distance,0.5,0.12,2826128352,orf_copy_number,4151,1144,100,507.87,486.475,533.525,3.4792388707557,3.3493526455771083,3.6377456570114153,32.554126863075915,28.48428898708866,38.00606833886947,3.2883271592953403,3.0844223984778187,3.5467777907669706
linear_distance,0.5,0.12,2826128352,structural,4151,1144,100,933.33,913.475,954.525,6.057069620133116,5.952107638500742,6.168244949948886,427.93235688042813,384.5632869765704,477.3493777060598,29.20333422117528,24.526490801815836,35.14939037420782
linear_distance,0.5,0.15,3791611920,orf_copy_number,3381,1144,100,588.41,563.95,614.05,4.001991622833532,3.8384881641632664,4.164034637377533,54.90763802951016,46.45523392437841,64.33116726023293,4.329879510308576,3.9442614815704444,4.746875928812651
linear_distance,0.5,0.15,3791611920,structural,3381,1144,100,1009.06,995.0,1025.575,6.46017350439519,6.3852972784830655,6.545011346683874,639.7540708771472,593.0610106731261,695.7958644836515,68.25208923171418,55.70511619988086,86.36992492568149
linear_distance,0.5,0.18,732349602,orf_copy_number,2680,1144,100,686.38,665.475,711.525,4.618063838943076,4.4932584313445805,4.756682957085961,101.55520260036116,89.4134505212741,116.362030673864,6.393203547570933,5.855272752205841,7.037015745306497
linear_distance,0.5,0.18,732349602,structural,2680,1144,100,1067.43,1055.475,1080.0,6.749936791417457,6.694147616361033,6.8101372858293905,854.4250695118442,807.6675136367037,906.9965406805161,191.0006454684948,147.15595533103738,256.0049594010028
linear_distance,0.5,0.2,2160132656,orf_copy_number,2406,1144,100,729.17,712.0,749.0,4.879084312065534,4.772343552518529,5.004237434389117,131.7789752369942,118.19612278281929,149.04363400250213,7.767500682668729,7.131949282473818,8.58431446181736
linear_distance,0.5,0.2,2160132656,structural,2406,1144,100,1083.66,1073.475,1095.0,6.821357545957784,6.775313393834825,6.871306145478722,917.4972837573544,875.9561562469039,964.2071384880674,273.52143301699755,211.50480353254062,364.14468558708967
linear_distance,0.5,0.25,1175439774,orf_copy_number,1582,1144,100,836.71,821.0,851.05,5.516815258667556,5.432759789244575,5.604821600303348,249.08933668148777,228.77981154752834,271.7336429524789,14.039304645063389,12.794287592777401,15.508941668374755
linear_distance,0.5,0.25,1175439774,structural,1582,1144,100,1118.72,1114.475,1124.0,6.967074778350052,6.951066587637573,6.986398959359155,1061.1659201235357,1044.2648741134806,1081.8187801264444,724.9472668431415,639.9497825730971,836.7877237851661
linear_distance,0.5,0.3,3346694520,orf_copy_number,1144,1144,100,937.0,937.0,937.0,6.093411796458025,6.093411796458027,6.093411796458027,442.9300232282974,442.93002322829733,442.93002322829733,31.042125237191616,31.042125237191616,31.042125237191616
linear_distance,0.5,0.3,3346694520,structural,1144,1144,100,1139.0,1139.0,1139.0,7.032888832066169,7.032888832066169,7.032888832066169,1133.2997986435082,1133.2997986435084,1133.2997986435084,1114.7666098807495,1114.7666098807492,1114.7666098807492
linear_distance,1.0,0.03,280539570,orf_copy_number,8436,1144,100,182.36,161.9,207.04999999999998,1.284388317726433,1.1320999241513343,1.4403897917929616,3.6265142463238975,3.1024583884836736,4.222342103352981,1.4246926327235188,1.3594260673333758,1.4934607401650073
linear_distance,1.0,0.03,280539570,structural,8436,1144,100,405.13,372.95,430.0,2.7850922161882905,2.5702795034327575,2.9421574066142155,16.27404430773498,13.071644696648224,18.9567069426824,2.410313257727786,2.2109021579799495,2.5687653022754366
linear_distance,1.0,0.05,4156490522,orf_copy_number,7486,1144,100,287.01,263.425,317.575,2.0327797917293697,1.857443568825091,2.241024018105519,7.6689238728226385,6.40920113613652,9.403207866293128,1.821524739967071,1.7119689336868855,1.9599123437810877
linear_distance,1.0,0.05,4156490522,structural,7486,1144,100,595.97,562.375,630.0,4.042209376893759,3.8130309253484773,4.2629027132687245,57.31774951690009,45.28896360716049,71.01698022460411,4.432513897597525,3.890146403069486,5.03993410509407
linear_distance,1.0,0.07,1740433454,orf_copy_number,6733,1144,100,374.51,349.0,401.04999999999995,2.62744548014677,2.4576458317619303,2.7992033538837986,13.903515869484915,11.677332716774009,16.431692909085015,2.272182416759895,2.125050403667746,2.430709643361949
linear_distance,1.0,0.07,1740433454,structural,6733,1144,100,739.56,715.425,764.05,4.940713054334983,4.798846637552149,5.098141938856221,140.38210244556888,121.37070834450502,163.72606890036565,8.172503578259954,7.284425998607947,9.307012563082866
linear_distance,1.0,0.09,1595675989,orf_copy_number,5895,1144,100,463.14,433.0,487.67499999999995,3.230140342444342,3.0266209622260694,3.387059554597491,25.37918160935818,20.62928065419179,29.579600383481413,2.9381271643775047,2.6828715480288405,3.161852416223456
linear_distance,1.0,0.09,1595675989,structural,5895,1144,100,843.92,825.0,864.525,5.561812357617207,5.452258328377091,5.670815922585723,260.84754938380024,233.284404264585,290.27163537504657,14.816062533089477,13.078989446754083,16.806543247337054
linear_distance,1.0,0.1,3958821903,orf_copy_number,5578,1144,100,500.86,472.425,528.05,3.4998063645707607,3.332708820274333,3.6954280357627955,33.26636750116402,28.0187343843509,40.26368516740817,3.348565015177561,3.087874276096138,3.691937276678244
linear_distance,1.0,0.1,3958821903,structural,5578,1144,100,891.57,863.475,910.05,5.836835600573782,5.693224472912072,5.946230429015225,343.51043134875977,296.8494021070269,382.3105965964513,20.983950427206537,17.288827308872143,24.522033197297873
linear_distance,1.0,0.12,2778378777,orf_copy_number,4985,1144,100,581.27,552.475,609.0999999999999,4.027675618482686,3.8430810045658834,4.2095268447263505,56.37362047422012,46.669117598966686,67.32523963156727,4.43971164682259,3.9924935745237384,4.9409831753367435
linear_distance,1.0,0.12,2778378777,structural,4985,1144,100,970.44,949.0,990.525,6.2687539578137095,6.160469111695475,6.378227926028807,528.727083285881,473.65056449274516,588.8833373502196,43.75395670940121,34.953595116856,55.35218231711107
linear_distance,1.0,0.15,1037225636,orf_copy_number,4048,1144,100,688.44,655.85,716.5749999999999,4.710144147802463,4.5368784174085315,4.858679062439084,111.47944553531032,93.4171744972912,128.8541508162822,6.943815491141619,6.146943398561215,7.751139315519668
linear_distance,1.0,0.15,1037225636,structural,4048,1144,100,1045.67,1031.475,1060.0,6.650320302670083,6.582652936391626,6.717588034999801,773.4961651440152,722.4623887187109,826.822126284713,126.02317505137574,97.91237668963728,162.95919313832306
linear_distance,1.0,0.18,1673311115,orf_copy_number,3477,1144,100,753.66,729.475,777.0,5.111056648324381,4.951232520447071,5.232264811016601,166.3054780153136,141.34973713333522,187.21655911028935,9.62412072357466,8.34348644756823,10.827392109826373
linear_distance,1.0,0.18,1673311115,structural,3477,1144,100,1084.15,1069.0,1096.0,6.826218291476647,6.756215136849106,6.8765589062119625,922.1200584372242,859.3846537863067,969.2856238824389,284.7611119690288,193.23146762078525,379.6641598119859
linear_distance,1.0,0.2,3518261095,orf_copy_number,3066,1144,100,798.11,775.475,822.05,5.370333145800183,5.2233834463586675,5.504323642592308,215.57998002893797,185.58552283913986,245.75995940623733,12.3313536100437,10.603550031575306,14.172401633628455
linear_distance,1.0,0.2,3518261095,structural,3066,1144,100,1098.64,1088.0,1107.525,6.890544940304028,6.845536431245281,6.927730694695798,983.2037896592926,939.6783978419644,1020.1764462008687,424.52110840335183,313.5446245828512,543.7322027158019
linear_distance,1.0,0.25,92951844,orf_copy_number,2370,1144,100,893.48,876.0,911.05,5.889591919679742,5.775256695408455,5.989626725520431,361.7868238044986,322.2275441343644,399.2683861894633,22.950853322676235,19.464934302036166,26.6414691286738
linear_distance,1.0,0.25,92951844,structural,2370,1144,100,1129.48,1123.475,1135.0,7.004800687587573,6.984532105809865,7.022158679868117,1101.968276559338,1079.8027693992515,1121.2043284878296,953.3078270065245,825.2988263322004,1060.5640194489463
linear_distance,1.0,0.3,1561271711,orf_copy_number,1682,1144,100,988.67,975.475,1001.05,6.413643368927978,6.344977302689583,6.48258120212335,610.4365050091659,569.6245607191952,653.6572748450798,63.0129909009298,52.5710840260132,75.67865532754557
linear_distance,1.0,0.3,1561271711,structural,1682,1144,100,1138.85,1136.0,1141.525,7.0323689630534325,7.025000314250908,7.038471247428571,1132.7178406708758,1124.394912347227,1139.6445898043455,1111.424777247966,1076.2631578947364,1135.2256043327814
linear_distance,1.5,0.03,2576302229,orf_copy_number,8776,1144,100,207.32,186.0,228.52499999999998,1.4740417677570383,1.3120379784814138,1.6290561652579114,4.382005688319311,3.713749351267443,5.099215165866709,1.5123238389159939,1.4360951572313434,1.5889116264895888
linear_distance,1.5,0.03,2576302229,structural,8776,1144,100,430.09,399.95,459.09999999999997,2.9771701070224337,2.785803182999839,3.172173325292883,19.74849864651716,16.212894176872606,23.860584549898398,2.619441448199361,2.4172032882605103,2.8489091866757543
linear_distance,1.5,0.05,2692316041,orf_copy_number,8093,1144,100,322.33,296.95,345.525,2.3130418545394633,2.132735813760272,2.4804703858218167,10.14583134002698,8.438186791549134,11.948102845886858,2.0210939914866692,1.8894615100398966,2.1531863650635725
linear_distance,1.5,0.05,2692316041,structural,8093,1144,100,625.86,598.0,653.05,4.25373124348437,4.0739213081707915,4.418043537281487,70.71059158487346,58.787767390039164,82.93582921466259,5.041803749134292,4.503145943622022,5.571943564887524
linear_distance,1.5,0.07,1182193551,orf_copy_number,7363,1144,100,422.52,398.475,443.04999999999995,3.0210154910163634,2.851358661319388,3.157718151883454,20.58081988603275,17.311296872176474,23.516980185754417,2.6931540451796034,2.497811764954568,2.873856097535126
linear_distance,1.5,0.07,1182193551,structural,7363,1144,100,763.39,738.475,788.525,5.1137794026583165,4.955151370161363,5.281470455344554,166.89697235546532,141.90540075142607,196.65958685052792,9.531279361923913,8.240510037673912,11.143867461848432
linear_distance,1.5,0.09,2683194250,orf_copy_number,6743,1144,100,510.67,478.425,545.0,3.624283120853316,3.4176528509187185,3.8449260399231093,37.71348790750238,30.498052022981398,46.75540911233439,3.5931641338033278,3.2404865992150613,4.0341824923285845
linear_distance,1.5,0.09,2683194250,structural,6743,1144,100,876.46,851.0,897.05,5.7723407709159416,5.618763295857784,5.873665749412441,322.07939959030364,275.55858406012584,355.5518183387116,19.375287345474067,15.822378113517212,22.189749352719723
linear_distance,1.5,0.1,140491699,orf_copy_number,6433,1144,100,563.46,537.425,593.675,3.9851730775080862,3.8143073019140648,4.174474390555639,54.02801535691292,45.345499428725915,65.00702329651631,4.377588723828062,3.9709297574183604,4.883396148275752
linear_distance,1.5,0.1,140491699,structural,6433,1144,100,928.22,902.375,951.625,6.057163777965696,5.904547068289071,6.181758635266776,428.1826221823945,366.71827568092226,483.8518621334868,29.66280112123989,23.008457153537037,36.61478852701564
linear_distance,1.5,0.12,2157732798,orf_copy_number,5975,1144,100,624.41,594.95,655.05,4.388301892489745,4.233657605915174,4.5719038474462455,80.83747771912013,68.96903406074094,96.73014738238008,5.622371688592593,5.086561035050329,6.354690852124066
linear_distance,1.5,0.12,2157732798,structural,5975,1144,100,986.33,962.95,1002.0,6.363104841412007,6.23843140861533,6.432357826590059,580.7597570789394,512.0811601660054,621.6391628613638,54.267740026233184,40.922685867654806,63.933803661388566
linear_distance,1.5,0.15,426479639,orf_copy_number,5236,1144,100,720.74,697.475,742.0,4.973064347986131,4.840629354464131,5.106619875664487,144.87713550235287,126.55056682884975,165.11946857590442,8.656357293717685,7.7269810562898895,9.7133133950378
linear_distance,1.5,0.15,426479639,structural,5236,1144,100,1053.59,1036.85,1068.0,6.694599342052329,6.614213364709193,6.763884909029416,808.6229849996415,745.6415593179206,866.009235985446,152.31214739006316,110.2295974739789,204.53853456752435
linear_distance,1.5,0.18,3754543510,orf_copy_number,4593,1144,100,810.13,783.375,832.5749999999999,5.509658543914632,5.359573021288761,5.629096962494752,247.63653611558948,212.70164370922208,278.4183965730965,14.613635776723338,12.42618213434244,16.672047063741278
linear_distance,1.5,0.18,3754543510,structural,4593,1144,100,1095.91,1084.95,1105.525,6.880416336849065,6.830977924347594,6.921095250544226,973.2862741787723,926.1035359913374,1013.4296770161517,397.92761634528694,289.8494362644281,526.8878965721336
linear_distance,1.5,0.2,770846889,orf_copy_number,4289,1144,100,860.72,833.75,883.0,5.786947342826678,5.650729421655478,5.89936792477393,326.6966470259511,284.4996720873115,364.80682504738786,20.553452561257068,17.26644766000606,23.78705507388469
linear_distance,1.5,0.2,770846889,structural,4289,1144,100,1115.78,1105.475,1123.525,6.957766616722528,6.91960927249017,6.986971565936435,1051.4662165454104,1011.9247158129938,1082.4385746124035,684.6896395359129,512.6167526260364,847.1380431435033
linear_distance,1.5,0.25,2950421996,orf_copy_number,3311,1144,100,957.57,938.475,977.05,6.281990735813496,6.1813748887523285,6.393782272239186,535.7115699992522,483.6643523961312,598.1146843202748,47.49716343490745,38.10832856892755,60.920124007420206
linear_distance,1.5,0.25,2950421996,structural,3311,1144,100,1136.7,1132.475,1140.525,7.026687081629064,7.014602826425348,7.036400128932415,1126.3115022599968,1112.7659154758953,1137.2868234740085,1083.2443419317476,1015.7142068965514,1128.428628164425
linear_distance,1.5,0.3,2308636446,orf_copy_number,2658,1144,100,1021.17,1006.0,1037.525,6.580677569558275,6.50287771858469,6.6519258658674145,721.6526825043173,667.0602023905221,774.2740410063917,104.6734839472212,80.21720064138809,135.6202563194788
linear_distance,1.5,0.3,2308636446,structural,2658,1144,100,1140.01,1137.0,1143.0,7.034993213422334,7.0277446226972256,7.041074376169533,1135.695591482205,1127.4848367157053,1142.61454525252,1121.750143960386,1090.613333333333,1142.0034904013958
linear_distance,2.0,0.03,624955490,orf_copy_number,9086,1144,100,228.52,203.95,253.575,1.6632078682962643,1.4863103095738763,1.8551440062685518,5.2985606891675205,4.4208766787288685,6.392990215403994,1.611868769841971,1.5191173271269933,1.7187795815564815
linear_distance,2.0,0.03,624955490,structural,9086,1144,100,451.12,421.95,479.67499999999995,3.149047363896708,2.949004530360742,3.3575463762956823,23.4524903516595,19.086943817347795,28.720696198097613,2.8337072232177447,2.589996173273877,3.1228871344699356
linear_distance,2.0,0.05,2715674654,orf_copy_number,8555,1144,100,343.07,313.375,371.0,2.511259708035221,2.3175762220637526,2.7030169112873663,12.384083486314193,10.151062250908911,14.925672479042438,2.190483830506795,2.030795761049149,2.3659669064488114
linear_distance,2.0,0.05,2715674654,structural,8555,1144,100,646.81,617.85,675.525,4.433643423162214,4.251924415971002,4.5877764307423785,84.59045928564063,70.24299513786785,98.27611409064122,5.69951419083446,5.057195630833482,6.313919445810664
linear_distance,2.0,0.07,308999449,orf_copy_number,7988,1144,100,444.69,417.0,470.0,3.2568734090460696,3.0849834510246192,3.4209133835357424,26.074228488386964,21.869527872503134,30.597708192080557,3.024669468923418,2.789111269179901,3.2767971322267573
linear_distance,2.0,0.07,308999449,structural,7988,1144,100,796.25,769.0,824.525,5.346560721479442,5.18433638547639,5.524875226180717,210.6509011673625,178.46280484900518,250.85707704350466,11.999634461273558,10.197862892029926,14.449842512509276
linear_distance,2.0,0.09,3011066200,orf_copy_number,7424,1144,100,536.23,509.475,564.0,3.8861395894722834,3.6984184066463293,4.072107069477144,48.9789663675042,40.38338427218113,58.68050882068972,4.186640792061505,3.7460922933911114,4.647809449481646
linear_distance,2.0,0.09,3011066200,structural,7424,1144,100,887.71,864.95,909.525,5.8644293815196775,5.739097576228879,5.986297173205343,353.136719088826,310.7951348198502,397.9437713809748,22.257920827312876,18.66164106247356,26.52960285791367
linear_distance,2.0,0.1,4101281670,orf_copy_number,7285,1144,100,579.43,542.425,610.0,4.18402076354057,3.954621399724206,4.359773033246646,65.95433414102298,52.176081023178725,78.23942676122142,5.00217324744508,4.37072816462179,5.591807909445747
linear_distance,2.0,0.1,4101281670,structural,7285,1144,100,937.04,913.475,955.5749999999999,6.129541236525295,5.984683781574559,6.229406547290072,460.099601760595,397.30360574563616,507.4542460367514,34.05402469166934,26.5143968055307,40.92070717820766
linear_distance,2.0,0.12,4216611858,orf_copy_number,6805,1144,100,645.35,613.95,678.05,4.593563607606753,4.400773727411608,4.8009674230508095,99.33534449972784,81.51392070846033,121.6290028540746,6.569373316689305,5.743182550712369,7.636507734789239
linear_distance,2.0,0.12,4216611858,structural,6805,1144,100,1002.6,986.475,1021.05,6.464702376924721,6.37218094500811,6.5582339985687295,642.879111529066,585.3680171796492,705.0351822306272,71.68598378075207,55.265713887448534,93.26189886459991
linear_distance,2.0,0.15,3319947148,orf_copy_number,6173,1144,100,749.11,721.95,777.525,5.229044905582111,5.087299231778023,5.360212934663522,187.09562184391964,161.952120255447,212.77026288625223,11.14634091558878,9.756853261489503,12.511337998546908
linear_distance,2.0,0.15,3319947148,structural,6173,1144,100,1073.15,1060.475,1087.0,6.790790617078068,6.725087515308577,6.849297147358167,890.1141303397499,833.0454256983943,943.2223954158022,241.57220719639838,169.65411813780494,334.22863464149356
linear_distance,2.0,0.18,1764842416,orf_copy_number,5557,1144,100,833.28,806.0,856.675,5.69025642150552,5.557358116480137,5.7944318601279985,296.697777672272,259.1373923816497,328.4659302207232,18.49684352029928,15.69898103873397,21.188334435146636
linear_distance,2.0,0.18,1764842416,structural,5557,1144,100,1106.35,1095.475,1115.525,6.923775528307818,6.8828869108055715,6.960284951412486,1016.3675457415878,975.454330561702,1053.9357031105062,537.2257118380046,400.4568643542835,697.8946927095159
linear_distance,2.0,0.2,212422559,orf_copy_number,5255,1144,100,886.56,862.425,908.525,5.978504902042361,5.856014988338728,6.093753883875398,395.6855075204271,349.3391528183718,443.0819917424344,28.00723501577425,22.89397190522435,34.18274519810642
linear_distance,2.0,0.2,212422559,structural,5255,1144,100,1118.49,1111.0,1127.0,6.969013328249203,6.938779370181073,6.996808294630187,1063.2987980545845,1031.511313803504,1093.1386082418614,745.5467385178979,585.5268872957504,911.2283564509877
linear_distance,2.0,0.25,1281578188,orf_copy_number,4468,1144,100,979.48,960.95,999.05,6.426139472784208,6.3492695035967195,6.515341261932768,618.4767892527344,572.0755192906123,675.42498402605,68.99637189924171,56.24751295608841,89.09214578280626
linear_distance,2.0,0.25,1281578188,structural,4468,1144,100,1136.14,1129.475,1141.0,7.025234815086089,7.005061868662061,7.037438988858904,1124.6987767027335,1102.199713873109,1138.4682401127916,1075.0373628585614,955.5705381613884,1132.1245674740483
linear_distance,2.0,0.3,3171143693,orf_copy_number,3710,1144,100,1034.33,1014.95,1049.525,6.652020864366696,6.568957315501115,6.711922344189418,774.9828273213285,712.6381549698136,822.158937739366,137.0815280990168,100.11949446476943,172.72446363256776
linear_distance,2.0,0.3,3171143693,structural,3710,1144,100,1140.98,1138.0,1144.0,7.037155563235204,7.0303793790696485,7.042286171939741,1138.1518626419572,1130.4594014800155,1143.999999999998,1129.9673531721407,1103.4873524451937,1143.9999999999998
partial_hic_fallback,0.5,0.03,1710054020,orf_copy_number,8084,1144,100,145.67,128.425,162.52499999999998,1.015982900297378,0.9031374197295249,1.1307274384338761,2.7672349718211273,2.4674135233269334,3.097927586100989,1.3139958977524446,1.2725566343425017,1.3583751665536798
partial_hic_fallback,0.5,0.03,1710054020,structural,8084,1144,100,368.68,341.425,391.04999999999995,2.532199726946373,2.3521111883133026,2.681336109301136,12.629275078429128,10.508011416317192,14.604917042717268,2.1780052471017592,2.03337896486326,2.306859103132642
partial_hic_fallback,0.5,0.05,2452768872,orf_copy_number,6981,1144,100,238.86,214.475,261.0,1.6663055219966663,1.4990240241647588,1.8250483223184706,5.311368945031828,4.477343355987813,6.203118911975754,1.6053891698025289,1.5208587580955417,1.691421662824655
partial_hic_fallback,0.5,0.05,2452768872,structural,6981,1144,100,554.9,522.8,580.0,3.7640251792028487,3.5541832914731577,3.925776278033958,43.29367006259165,34.96672994295041,50.69258493861385,3.790320687796757,3.3985454901388445,4.128974161875307
partial_hic_fallback,0.5,0.07,1291112168,orf_copy_number,6098,1144,100,321.88,292.0,345.525,2.242805903921157,2.0210554870103308,2.393612220227023,9.46308142911702,7.546402090805707,10.95300333737526,1.9589618632075905,1.8061995152401218,2.072231513504009
partial_hic_fallback,0.5,0.07,1291112168,structural,6098,1144,100,695.51,671.9,723.0999999999999,4.654695045306031,4.499896188862976,4.827838807336337,105.47925871372107,90.02163234425161,124.95007768446568,6.547184946411209,5.853739174473772,7.427709158429388
partial_hic_fallback,0.5,0.09,1982738802,orf_copy_number,5276,1144,100,414.71,389.9,436.0,2.8828306602176776,2.719791843367408,3.0327379920250133,17.940226017609056,15.177164865901439,20.754104933999947,2.517662491349671,2.349919558722132,2.683625241272983
partial_hic_fallback,0.5,0.09,1982738802,structural,5276,1144,100,823.11,792.475,844.525,5.429372402351472,5.249873446151919,5.5558900766750625,228.73100381864688,190.5433866601095,258.75736528246586,12.797155697554825,10.643028272267939,14.597647181546593
partial_hic_fallback,0.5,0.1,3581944228,orf_copy_number,4993,1144,100,454.98,427.475,482.04999999999995,3.144879770233096,2.963489852111159,3.322656896135252,23.329060824937102,19.36644052122737,27.734146821372246,2.818662371911332,2.600503307012247,3.0517817248808807
partial_hic_fallback,0.5,0.1,3581944228,structural,4993,1144,100,867.46,840.0,892.525,5.68960505179747,5.531753521145129,5.835029706057006,296.65411470725377,252.5864848292441,342.07628067337805,17.249584628531746,14.2175021377167,20.728323599065053
partial_hic_fallback,0.5,0.12,2199721088,orf_copy_number,4218,1144,100,519.24,498.475,541.525,3.570572810453032,3.4412648226886584,3.7187737424728877,35.658512059792294,31.228310170880277,41.214266427357096,3.4465987229858253,3.2255332187262273,3.7163008058952993
partial_hic_fallback,0.5,0.12,2199721088,structural,4218,1144,100,938.45,919.475,959.05,6.085160904246818,5.979719738436445,6.196934067671776,440.0797880438073,395.3311065210489,491.24097918414844,30.624095896247645,25.49640123659337,37.19489921297429
partial_hic_fallback,0.5,0.15,3528955751,orf_copy_number,3527,1144,100,623.61,597.0,648.525,4.2564474835031385,4.09729450821304,4.426276334460535,70.8158564572695,60.18053981839007,83.61947529923208,5.05994404309644,4.603671364374144,5.651864445613699
partial_hic_fallback,0.5,0.15,3528955751,structural,3527,1144,100,1013.15,995.475,1029.0,6.48260438723638,6.3899122172846194,6.564092562566584,654.3755563609034,595.8043851675053,709.1680784679695,72.87075348022228,56.418208454353454,91.80246913580257
partial_hic_fallback,0.5,0.18,4293388631,orf_copy_number,2758,1144,100,712.53,694.0,733.525,4.798720312669332,4.675300731624227,4.926378231912623,121.63963015886364,107.2651529402928,137.87964421217376,7.329818231863784,6.6586731964802786,8.100127627812475
partial_hic_fallback,0.5,0.18,4293388631,structural,2758,1144,100,1068.86,1056.475,1081.0,6.757511141313801,6.695359412131243,6.812912236516851,860.8771477751834,808.6468349623442,909.5156786042522,198.0966258681049,147.18905882352934,259.05304829770375
partial_hic_fallback,0.5,0.2,992375073,orf_copy_number,2426,1144,100,741.21,717.425,763.5749999999999,4.993158234160768,4.861566914959398,5.118168015259424,147.79491716811705,129.22784024813382,167.03075867096703,8.602822311333904,7.730248172656135,9.55521681687726
partial_hic_fallback,0.5,0.2,992375073,structural,2426,1144,100,1089.76,1079.475,1101.0,6.849729893127407,6.802726955358235,6.89829451066329,943.8942886504141,900.3013260154323,990.5849262028732,324.14925774825554,243.6460268317852,437.5122658183103
partial_hic_fallback,0.5,0.25,1877462373,orf_copy_number,1744,1144,100,859.31,840.0,875.525,5.6878694073056355,5.588073352189185,5.7733884893327865,295.63339551431994,267.220518188246,321.62615194021026,17.404893967267135,15.399602638119902,19.393939546873913
partial_hic_fallback,0.5,0.25,1877462373,structural,1744,1144,100,1123.07,1118.0,1128.0,6.983726476511753,6.96449981233999,7.001293385611372,1078.9795357023327,1058.385393693123,1098.0530567052024,823.7029170508451,708.9577464788731,934.7514124293782
partial_hic_fallback,0.5,0.3,1407851898,orf_copy_number,1164,1144,100,927.93,925.0,931.0,6.042351843506428,6.026885255984282,6.057589429115,420.9026810660545,414.42219794667676,427.3456899472434,28.45931872017999,27.74862183020946,29.197490398777177
partial_hic_fallback,0.5,0.3,1407851898,structural,1164,1144,100,1136.17,1136.0,1137.0,7.025465751166041,7.025000314250908,7.0277446226972256,1124.9190458938265,1124.394912347227,1127.4848367157053,1078.6879261560305,1076.2631578947364,1090.613333333333
partial_hic_fallback,1.0,0.03,3083522482,orf_copy_number,8349,1144,100,176.07,153.475,194.575,1.2445574017499532,1.0845619528020503,1.3707113494925747,3.480284042996048,2.958153826621464,3.938267479209034,1.4077056878115763,1.3417824133291147,1.462231798611986
partial_hic_fallback,1.0,0.03,3083522482,structural,8349,1144,100,399.71,374.425,427.575,2.7526399838703925,2.581597166594741,2.9345095064146127,15.753035780493697,13.218369673256529,18.81246532388455,2.3794477304594492,2.220166728994495,2.561582375044188
partial_hic_fallback,1.0,0.05,967491237,orf_copy_number,7314,1144,100,278.34,253.0,302.04999999999995,1.9675788527837417,1.8099481595266718,2.142779511223432,7.1835216266877815,6.110135147127442,8.524018557406626,1.7799660966373292,1.685555175342325,1.8923418021592302
partial_hic_fallback,1.0,0.05,967491237,structural,7314,1144,100,587.97,551.95,621.525,3.9859058394428666,3.7480008537762397,4.201311216823128,54.20990168893558,42.43650442289835,66.77426871854938,4.290276803851333,3.753016072384748,4.847283476039263
partial_hic_fallback,1.0,0.07,3160849969,orf_copy_number,6632,1144,100,373.64,349.0,394.525,2.646193687482001,2.467573608238304,2.793512361081479,14.161304664611919,11.7959145584008,16.338305691967147,2.294223652067859,2.1352036413793223,2.4372547902387867
partial_hic_fallback,1.0,0.07,3160849969,structural,6632,1144,100,722.28,696.425,751.5749999999999,4.837732985340265,4.6808579784933215,5.0095815123517395,126.71306312918233,107.86275440834535,149.852013329192,7.535915316413556,6.6745291394092305,8.610357918396627
partial_hic_fallback,1.0,0.09,2440376121,orf_copy_number,5685,1144,100,449.9,424.0,479.525,3.1656307225427636,2.9795125436712757,3.3677264844094013,23.820942133961065,19.678281872641715,29.012528509792055,2.861664820055269,2.626754106248914,3.137116773411869
partial_hic_fallback,1.0,0.09,2440376121,structural,5685,1144,100,846.11,822.325,872.525,5.578830671496227,5.4446987199522,5.727948755275093,265.53254068660965,231.5772483823291,307.3432825514902,15.154320294844876,12.988235917589344,18.00723950850777
partial_hic_fallback,1.0,0.1,655664069,orf_copy_number,5307,1144,100,492.51,467.95,519.525,3.4628431462941065,3.2986410777934383,3.63568755221177,32.03575543064418,27.075821897693338,37.927929106748074,3.2947759113201083,3.0466328963051232,3.5878807228476894
partial_hic_fallback,1.0,0.1,655664069,structural,5307,1144,100,871.21,846.375,893.525,5.721742582504938,5.58320904190762,5.850062914117023,306.1188246512747,265.9384337427104,347.27562625783025,17.993969371135744,15.137591208225452,21.24895900254119
partial_hic_fallback,1.0,0.12,2377434645,orf_copy_number,4817,1144,100,559.84,530.425,588.525,3.899851128754697,3.720845512376881,4.1040565957958695,49.692105857561586,41.29950843957299,60.5883945392985,4.138468543889177,3.7405880529770954,4.649951478033792
partial_hic_fallback,1.0,0.12,2377434645,structural,4817,1144,100,950.22,929.0,968.525,6.158101854835551,6.05027869088556,6.25411479460397,473.28300811668515,424.23155366720573,520.151005486335,35.03448580516066,28.787407588442868,42.116308049480985
partial_hic_fallback,1.0,0.15,3687257994,orf_copy_number,3981,1144,100,658.27,633.475,685.525,4.5220042225375865,4.367790747955501,4.694150377708729,92.37116216718117,78.86932712501472,109.30595145810788,6.068209661576763,5.4351950667322155,6.842436661501993
partial_hic_fallback,1.0,0.15,3687257994,structural,3981,1144,100,1028.94,1010.475,1049.575,6.566765636872616,6.47131674643648,6.667423716372143,711.83932702502,646.3342251847145,786.3787412286638,94.60792511585929,69.97091531223272,132.50287377503088
partial_hic_fallback,1.0,0.18,1937718534,orf_copy_number,3285,1144,100,739.17,714.0,769.5749999999999,5.032135623256012,4.870004753701409,5.19762759766918,153.79551229516525,130.32322643637224,180.85001886113352,9.00725460733726,7.86065729855758,10.404003005803096
partial_hic_fallback,1.0,0.18,1937718534,structural,3285,1144,100,1081.73,1068.0,1093.575,6.81600140142456,6.756790739839956,6.869149085291292,912.7496362280943,859.8805125432613,962.1440692808351,269.10328995756305,193.25920557974132,364.43604691483915
partial_hic_fallback,1.0,0.2,4261704054,orf_copy_number,2941,1144,100,794.47,769.0,817.525,5.362601579113004,5.196794533716119,5.497726432242043,213.89469023616684,180.71658289764693,244.13784954808813,12.278028532957988,10.426433975083134,14.20844933312439
partial_hic_fallback,1.0,0.2,4261704054,structural,2941,1144,100,1099.78,1090.475,1110.0,6.894377681687728,6.856499834248334,6.933512411317252,986.9145969430232,950.0361318040259,1026.0917137106676,432.9541849723363,335.31112481199204,560.7266495287059
partial_hic_fallback,1.0,0.25,2443038446,orf_copy_number,2162,1144,100,890.96,874.0,908.0,5.903639981859424,5.8081381676412995,5.9996729896679755,366.7737789031725,333.00979433039714,403.2985590207759,23.682971787442657,20.616471330000266,27.23486475239282
partial_hic_fallback,1.0,0.25,2443038446,structural,2162,1144,100,1130.45,1125.0,1135.525,7.007971938071165,6.989913230094393,7.023650537919083,1105.4589293144556,1085.6272723230056,1122.8793850140132,973.298778852925,858.7506561679787,1068.806067132986
partial_hic_fallback,1.0,0.3,1581526928,orf_copy_number,1562,1144,100,964.69,952.475,975.525,6.265063884795297,6.204032288307931,6.3191080702278795,526.1389483342023,494.74239663461566,555.0818177413901,43.847561464886695,38.567871973268915,49.48738927776421
partial_hic_fallback,1.0,0.3,1581526928,structural,1562,1144,100,1140.12,1138.0,1142.0,7.035959632906559,7.031677036295958,7.039862580399323,1136.788716845726,1131.927302501595,1141.2307683764188,1127.6395483697104,1112.8707482993195,1140.0139372822296
partial_hic_fallback,1.5,0.03,3807846787,orf_copy_number,8388,1144,100,182.01,159.0,200.52499999999998,1.2895741913017782,1.1234769772597524,1.4270573727763403,3.6414613082098346,3.0757492457122018,4.166421001372909,1.4274239153036934,1.3566568785883155,1.4887607176307542
partial_hic_fallback,1.5,0.03,3807846787,structural,8388,1144,100,409.39,384.95,438.04999999999995,2.823122870722999,2.6570918402766743,3.006602255812853,16.912301881412848,14.254780474202697,20.21873952069489,2.450681639056161,2.2882678313554194,2.642182738986562
partial_hic_fallback,1.5,0.05,2604182243,orf_copy_number,7374,1144,100,276.55,252.475,299.19999999999993,1.9706446106360875,1.800384783304867,2.1087109482222774,7.19917678056619,6.052050734413122,8.239409758831679,1.7835696770875,1.681548764613568,1.8700616797799787
partial_hic_fallback,1.5,0.05,2604182243,structural,7374,1144,100,585.44,553.275,616.0,3.987098434345082,3.7909552610845365,4.182785016573072,54.23052898641079,44.314558481655155,65.54815658468054,4.301504218623339,3.8486785597537163,4.810079314324356
partial_hic_fallback,1.5,0.07,2312135107,orf_copy_number,6526,1144,100,361.54,334.475,388.525,2.5699924586052805,2.3666099684059767,2.754435640332036,13.139522442564287,10.661244606420562,15.71217118786365,2.2281304398314834,2.0537199193192834,2.4042862307846415
partial_hic_fallback,1.5,0.07,2312135107,structural,6526,1144,100,731.72,699.9,762.0,4.900804537229808,4.710373073717878,5.077767677276865,135.01990510439256,111.09709326794692,160.41602690648335,7.933111989975597,6.841948886709871,9.13512136766601
partial_hic_fallback,1.5,0.09,1859482873,orf_copy_number,5888,1144,100,451.98,424.325,478.04999999999995,3.2074142138156168,3.054750885844241,3.378844938646388,24.82447011479727,21.216107678465768,29.339745749535552,2.925148964142646,2.7260666045630195,3.1720110290396013
partial_hic_fallback,1.5,0.09,1859482873,structural,5888,1144,100,830.8,802.0,857.0,5.487017099665278,5.327535752496086,5.642309346428684,242.27846865390896,205.93046456291745,282.1201491449695,13.660395688633562,11.540910489326324,16.231364114608702
partial_hic_fallback,1.5,0.1,920122771,orf_copy_number,5595,1144,100,498.61,468.275,523.525,3.5186333891877757,3.321704621582913,3.6778858686282443,33.87699625988668,27.707816031642945,39.562719898678054,3.3930318374490542,3.0791622130700285,3.6779505664394203
partial_hic_fallback,1.5,0.1,920122771,structural,5595,1144,100,893.83,874.95,919.0999999999999,5.857986898342042,5.7554601083629,5.994587868361441,350.6843102004399,315.913494883763,401.2790959686801,21.661646705054146,18.745984746231095,26.323585474776237
partial_hic_fallback,1.5,0.12,1352135446,orf_copy_number,4949,1144,100,572.79,545.9,600.05,4.034182034207255,3.8360668265612845,4.200397214605703,56.750408014691665,46.343623651560414,66.71362062791412,4.4970036593078495,4.019398476139109,4.959652540245094
partial_hic_fallback,1.5,0.12,1352135446,structural,4949,1144,100,958.29,937.85,975.525,6.21222983998402,6.101754708595239,6.308561578034537,499.53359709843755,446.6762374719278,549.2572507967436,39.09009982532753,31.622219212408552,47.22490924177174
partial_hic_fallback,1.5,0.15,2004561742,orf_copy_number,4111,1144,100,671.79,644.475,700.0999999999999,4.650596510805117,4.478836997592762,4.815514513832603,105.06668806019577,88.13319774479635,123.41778427831139,6.705269712462572,5.879108136669743,7.54904189804954
partial_hic_fallback,1.5,0.15,2004561742,structural,4111,1144,100,1040.91,1023.475,1055.525,6.629134828990074,6.545798746375613,6.693690475280579,757.4848542201408,696.3162500482077,807.2962024026085,117.35066575166638,87.44723452860272,147.28166401695805
partial_hic_fallback,1.5,0.18,2061484420,orf_copy_number,3458,1144,100,754.32,730.0,784.525,5.169689980477673,5.020858732334795,5.340256248894677,176.53974344153414,151.55351114823574,208.56654748809189,10.305783375006472,8.93832085599337,12.174490205540135
partial_hic_fallback,1.5,0.18,2061484420,structural,3458,1144,100,1080.66,1067.9,1090.525,6.811861784349697,6.755875458405272,6.854492817506514,908.8882944076362,859.1094366446688,948.1347923163625,262.0136725544091,195.21263085371442,331.1105375464464
partial_hic_fallback,1.5,0.2,1091403980,orf_copy_number,3078,1144,100,787.22,762.95,816.525,5.319479679624071,5.166344211396151,5.456931489345544,204.87857449992705,175.2798272339532,234.37894942158712,11.750072228671872,10.086509516748459,13.493452363520552
partial_hic_fallback,1.5,0.2,1091403980,structural,3078,1144,100,1097.49,1087.425,1107.525,6.885877038792702,6.844665246496943,6.927730694695798,978.552146382866,938.87920354311,1020.1764462008687,409.5816623155435,313.33967661491425,543.7322027158019
partial_hic_fallback,1.5,0.25,1135711084,orf_copy_number,2217,1144,100,896.41,878.475,916.5749999999999,5.943968273452317,5.84828661478176,6.038828310590964,381.97839010503776,346.6403801681535,419.4028101238684,25.312970402512384,21.986620666808268,29.03736938182975
partial_hic_fallback,1.5,0.25,1135711084,structural,2217,1144,100,1132.12,1128.0,1136.525,7.013747535323604,7.000184225393452,7.0264410761852245,1111.8437422944912,1096.8352047139997,1126.017122640678,1010.7032887860717,924.2485875706212,1083.7969999999996
partial_hic_fallback,1.5,0.3,4122858386,orf_copy_number,1715,1144,100,971.35,958.475,985.0,6.33218493497726,6.266692603604691,6.400103802268123,562.7349361948931,526.7324093698496,601.9075674109313,51.92832143498358,44.49931814495022,60.53855897892278
partial_hic_fallback,1.5,0.3,4122858386,structural,1715,1144,100,1138.16,1135.0,1141.0,7.030635303324787,7.022158679868117,7.037438988858904,1130.757161597681,1121.2043284878296,1138.4682401127916,1103.5183768845743,1060.5640194489463,1132.1245674740483
partial_hic_fallback,2.0,0.03,1713891987,orf_copy_number,8402,1144,100,172.68,156.475,196.52499999999998,1.2297725649665225,1.1133116681520283,1.3974242096899492,3.4305650088618425,3.0444460711157446,4.0448115192827165,1.4023280882109943,1.3527138728945383,1.476140937254618
partial_hic_fallback,2.0,0.03,1713891987,structural,8402,1144,100,397.09,376.0,430.525,2.740119844671786,2.5955932663980263,2.962267119499955,15.56645594574281,13.404641540494374,19.34177573658774,2.3688507969151806,2.231771447815485,2.593904047227551
partial_hic_fallback,2.0,0.05,3032681791,orf_copy_number,7391,1144,100,282.77,257.425,312.62499999999994,2.0206854838816573,1.841574620502455,2.2459744408034337,7.5762495006818105,6.306569231661707,9.449681445727698,1.816370418718086,1.7064788561371653,1.9692390660078023
partial_hic_fallback,2.0,0.05,3032681791,structural,7391,1144,100,596.82,567.0,625.5749999999999,4.060129961000328,3.8632474057599184,4.23644987346094,58.310228235926225,47.62099231505702,69.16354057011428,4.484515640435007,4.006095641705805,4.961868170179113
partial_hic_fallback,2.0,0.07,1316201356,orf_copy_number,6597,1144,100,373.54,345.0,402.0,2.6558323795261707,2.462534959527813,2.848985134454517,14.317181486351714,11.73459156885205,17.27084736621277,2.3059704759125323,2.1386974211581524,2.4981294612254974
partial_hic_fallback,2.0,0.07,1316201356,structural,6597,1144,100,731.94,698.475,758.525,4.9048654048133695,4.703382296976706,5.068886238227543,135.56275484174662,110.32163225646843,159.00067209855874,7.962856193917292,6.794825508189635,9.089665167610946
partial_hic_fallback,2.0,0.09,3674923251,orf_copy_number,5881,1144,100,449.15,421.95,477.525,3.186721078905499,2.9903471863229174,3.3792736396620113,24.346949922181153,19.892594638053076,29.34946985626327,2.8985348283992964,2.645556700867748,3.1714521688476847
partial_hic_fallback,2.0,0.09,3674923251,structural,5881,1144,100,841.67,820.0,865.0,5.561888993903909,5.422410113851335,5.699334087649645,261.08573298189435,226.42440779726905,298.67077936289274,14.903904703771678,12.677232523054764,17.486390994393687
partial_hic_fallback,2.0,0.1,1477168291,orf_copy_number,5523,1144,100,489.59,466.95,514.0,3.474447593423372,3.308881118168254,3.6438987427931258,32.42198107674384,27.35798512425065,38.24349712639819,3.3265432594483433,3.0595860153148644,3.6184983375846675
partial_hic_fallback,2.0,0.1,1477168291,structural,5523,1144,100,895.71,871.95,921.525,5.868679365863256,5.7283195331058545,6.011286493609958,354.636101068859,307.46207019366466,408.0305487634423,22.03411533068407,18.05721393830612,27.146999264886382
partial_hic_fallback,2.0,0.12,2079310279,orf_copy_number,4813,1144,100,557.89,531.95,585.675,3.9278892066715407,3.7755493365469013,4.099081431038407,50.98034076745742,43.621533441512405,60.28507459049769,4.224009377575272,3.8693228675646614,4.6486664378457245
partial_hic_fallback,2.0,0.12,2079310279,structural,4813,1144,100,946.57,922.0,970.525,6.141836810807665,6.00234508552366,6.271200163616987,466.06913858891346,404.3822794501254,529.1390957027954,34.220272465849746,26.52105786755637,43.3734574745945
partial_hic_fallback,2.0,0.15,1585545789,orf_copy_number,4057,1144,100,650.25,628.0,676.525,4.5040349194230584,4.34508802118837,4.671248752479715,90.69752028380123,77.09949091753612,106.83730762200955,6.027077106804273,5.389827656360611,6.783540238728205
partial_hic_fallback,2.0,0.15,1585545789,structural,4057,1144,100,1022.95,1004.425,1043.0,6.54172471626228,6.454821664985642,6.641175718781131,694.3413773209161,635.7816535929658,766.0002289600875,87.93994240038118,67.04623637210557,120.73479583588163
partial_hic_fallback,2.0,0.18,3604147398,orf_copy_number,3407,1144,100,736.7,716.475,760.05,5.042212312868309,4.918798210555462,5.189236095766937,155.23534409999326,136.83806583350534,179.3413682564667,9.129970068987046,8.198129372087834,10.402610995312576
partial_hic_fallback,2.0,0.18,3604147398,structural,3407,1144,100,1086.29,1071.0,1099.0,6.839205985556023,6.777478615656583,6.891336778232763,934.1541646474552,877.8525277212418,983.7155482037862,309.58199130738745,218.77900367769968,418.66154830454263
partial_hic_fallback,2.0,0.2,780218145,orf_copy_number,3060,1144,100,801.05,774.95,823.05,5.446629413539521,5.2995836703281665,5.555613361079996,232.5516672838031,200.25441040683452,258.68559492171124,13.592720207321225,11.501371208300407,15.185740865576875
partial_hic_fallback,2.0,0.2,780218145,structural,3060,1144,100,1100.57,1092.0,1111.05,6.897997141780219,6.864580143975424,6.941573293607761,990.510569260227,957.7436409391016,1034.3963548303389,444.996721314289,353.90373174689,603.3366274509801
partial_hic_fallback,2.0,0.25,1592633087,orf_copy_number,2262,1144,100,899.06,880.95,920.0,5.971973052961584,5.866016338205396,6.08831007188028,392.8899497086552,352.87446935997764,440.68902769851405,26.657912098487383,22.607269994231505,32.086707142607914
partial_hic_fallback,2.0,0.25,1592633087,structural,2262,1144,100,1132.63,1128.0,1137.0,7.014878804037129,7.000184225393452,7.0277446226972256,1113.1028698581688,1096.8352047139997,1127.4848367157053,1016.179289030312,924.2485875706212,1090.613333333333
partial_hic_fallback,2.0,0.3,2700327069,orf_copy_number,1707,1144,100,978.96,969.0,992.05,6.382494908777755,6.326876343960148,6.4362826833850795,591.6441968156925,559.4069265719351,624.0846458979796,58.994934914514836,50.95201012641269,67.44909737405577
partial_hic_fallback,2.0,0.3,2700327069,structural,1707,1144,100,1140.4,1138.0,1143.0,7.035969883465606,7.0303793790696485,7.041074376169533,1136.8015506267955,1130.4594014800155,1142.61454525252,1126.0658368517247,1103.4873524451937,1142.0034904013958
