model_key,model_name,alpha,p_event,seed,initialized_trajectories,sequential_steps,accepted_events,gate_passing_trajectories,gate_failing_trajectories,essentiality_gate_passing_fraction,essentiality_gate_failing_fraction,deletion_events,inversion_events,duplication_events,direct_hic_events,distance_fallback_events,uniform_events,structural_unique_endpoints_full_sample,structural_shannon_full_sample,structural_effective_shannon_full_sample,structural_inverse_simpson_full_sample,orf_unique_endpoints_full_sample,orf_shannon_full_sample,orf_effective_shannon_full_sample,orf_inverse_simpson_full_sample,top_missing_gate_genes,elapsed_seconds,effective_shannon_diversity_mean,effective_shannon_diversity_ci_low,effective_shannon_diversity_ci_high,pareto_optimal,passes_retention_0_50,passes_retention_0_70
linear_distance,linear-distance sampling,2.0,0.03,624955490,10000,20,5764,9086,914,0.9086,0.0914,2619,2293,852,0,5764,0,2990,3.882446771870261,48.54284314735845,2.8243003821913004,1302,2.0034645143785754,7.414699986187564,1.6093231323276198,S000000451:45;S000000447:45;S000000328:41;S000000208:41;S000000460:39;S000000461:39;S000000313:39;S000000314:39;S000000259:39;S000000215:39;S000000110:39;S000000440:39;S000000441:39;S000000274:38;S000000325:38;S000000371:38;S000000605:38;S000000606:38;S000000100:38;S000000356:37,49.82949050000025,23.4524903516595,19.086943817347795,28.720696198097613,True,True,True
linear_distance,linear-distance sampling,2.0,0.05,2715674654,10000,20,9247,8555,1445,0.8555,0.1445,4084,3771,1392,0,9247,0,4164,5.4730345459916885,238.18187106650416,5.681866438298998,1825,2.996060105174375,20.006557707260846,2.181977056931104,S000000242:69;S000000253:68;S000000233:68;S000000110:61;S000000451:60;S000000130:59;S000000131:59;S000000259:59;S000000447:56;S000000457:54;S000000458:54;S000000274:53;S000000440:53;S000000441:53;S000000306:53;S000000208:52;S000000114:52;S000000394:51;S000000215:51;S000000460:51,67.90600230000018,84.59045928564063,70.24299513786785,98.27611409064122,True,True,True
linear_distance,linear-distance sampling,2.0,0.07,308999449,10000,20,12662,7988,2012,0.7988,0.2012,5694,5078,1890,0,12662,0,4977,6.611998608712628,743.9684356359561,11.951346621234864,2254,3.909737980015206,49.88587916351408,3.067426406785935,S000000283:91;S000000284:91;S000000274:87;S000000215:77;S000000313:77;S000000314:77;S000000110:75;S000000325:74;S000000295:73;S000000328:73;S000000242:72;S000000291:71;S000000292:71;S000000293:71;S000000415:70;S000000136:70;S000000137:70;S000000648:70;S000000371:70;S000000233:68,83.35238329999993,210.6509011673625,178.46280484900518,250.85707704350466,True,True,True
linear_distance,linear-distance sampling,2.0,0.09,3011066200,10000,20,15584,7424,2576,0.7424,0.2576,6977,6238,2369,0,15584,0,5340,7.2669827173693236,1432.22250690837,22.84226275091322,2608,4.608833330874811,100.3669862401856,4.159423166351491,S000000259:109;S000000291:108;S000000292:108;S000000293:108;S000000253:104;S000000344:103;S000000346:103;S000000347:103;S000000274:102;S000000295:102;S000007595:100;S000000208:100;S000000440:99;S000000441:99;S000000396:98;S000000397:98;S000000215:97;S000000415:97;S000000306:96;S000000447:96,96.73354560000008,353.136719088826,310.7951348198502,397.9437713809748,True,True,True
linear_distance,linear-distance sampling,2.0,0.1,4101281670,10000,20,17468,7285,2715,0.7285,0.2715,7796,7024,2648,0,17468,0,5604,7.592968756476786,1984.195371384643,34.522158525059055,2804,4.970955276512005,144.16453861055246,4.989470364010456,S000000400:120;S000000402:120;S000000396:118;S000000397:118;S000000356:117;S000000357:117;S000000358:117;S000000359:117;S000000283:113;S000000284:113;S000000340:113;S000000344:112;S000000346:112;S000000347:112;S000000394:111;S000000371:111;S000000328:110;S000000415:110;S000000291:108;S000000292:108,103.80251060000046,460.099601760595,397.30360574563616,507.4542460367514,True,True,True
linear_distance,linear-distance sampling,2.0,0.12,4216611858,10000,20,20115,6805,3195,0.6805,0.3195,8862,8180,3073,0,20115,0,5715,7.9871007245992285,2942.752728832876,73.95805883358173,3043,5.458338370349413,234.7071038879824,6.556560783581366,S000000394:150;S000000283:147;S000000284:147;S000000274:143;S000000396:138;S000000397:138;S000000371:136;S000000259:132;S000000291:131;S000000292:131;S000000293:131;S000000253:126;S000000306:120;S000000400:120;S000000402:120;S000000295:118;S000000233:116;S000000325:115;S000000415:115;S000000356:115,113.61591099999896,642.879111529066,585.3680171796492,705.0351822306272,True,True,False
linear_distance,linear-distance sampling,2.0,0.15,3319947148,10000,20,24118,6173,3827,0.6173,0.3827,10590,9839,3689,0,24118,0,5672,8.350449915198029,4232.084393946144,279.268657153955,3379,6.22391383237627,504.674583458474,11.33913681828096,S000000283:169;S000000284:169;S000000340:165;S000000313:162;S000000314:162;S000000295:161;S000000328:160;S000000325:157;S000000291:156;S000000292:156;S000000293:156;S000000114:156;S000000253:153;S000000344:151;S000000346:151;S000000347:151;S000000274:150;S000000116:150;S000000306:149;S000000356:148,126.04585719999886,890.1141303397499,833.0454256983943,943.2223954158022,True,True,False
linear_distance,linear-distance sampling,2.0,0.18,1764842416,10000,20,27785,5557,4443,0.5557,0.4443,12174,11288,4323,0,27785,0,5335,8.440222318993207,4629.584114636227,785.5371015746225,3527,6.735701874417825,841.934208838258,18.481726998126103,S000000295:195;S000000340:192;S000000291:191;S000000292:191;S000000293:191;S000000344:190;S000000346:190;S000000347:190;S000000325:183;S000000274:182;S000000328:181;S000000356:181;S000000357:181;S000000358:181;S000000359:181;S000000306:180;S000000208:179;S000000371:178;S000000110:174;S000000283:172,136.49752760000047,1016.3675457415878,975.454330561702,1053.9357031105062,True,True,False
linear_distance,linear-distance sampling,2.0,0.2,212422559,10000,20,30056,5255,4745,0.5255,0.4745,13253,12256,4547,0,30056,0,5119,8.456264466938192,4704.451499166669,1481.4132825492195,3653,7.084178708695114,1192.9430792684086,28.56554345858441,S000000291:196;S000000292:196;S000000293:196;S000000313:195;S000000314:195;S000000295:191;S000000328:189;S000000274:188;S000000114:187;S000000283:186;S000000284:186;S000000242:185;S000000306:180;S000000356:179;S000000357:179;S000000358:179;S000000359:179;S000000340:178;S000000325:178;S000000259:177,142.15764260000103,1063.2987980545845,1031.511313803504,1093.1386082418614,True,True,False
linear_distance,linear-distance sampling,2.0,0.25,1281578188,10000,20,35249,4468,5532,0.4468,0.5532,15497,14396,5356,0,35249,0,4433,8.377241181102432,4346.999783144,3568.649267071863,3580,7.54010889856926,1882.0349649186408,71.66610663564951,S000000328:225;S000000313:224;S000000314:224;S000000259:224;S000000306:223;S000000283:223;S000000284:223;S000000253:221;S000000325:219;S000000295:218;S000000291:217;S000000292:217;S000000293:217;S000000344:213;S000000346:213;S000000347:213;S000000274:208;S000000242:207;S000000340:204;S000000415:202,151.22417939999832,1124.6987767027335,1102.199713873109,1138.4682401127916,True,False,False
linear_distance,linear-distance sampling,2.0,0.3,3171143693,10000,20,39247,3710,6290,0.371,0.629,17486,15795,5966,0,39247,0,3698,8.21037605744553,3678.925693562048,3580.67117585848,3250,7.688799418721434,2183.7512169456186,144.85781641373222,S000000325:266;S000000328:252;S000000313:247;S000000314:247;S000000394:245;S000000253:243;S000000242:239;S000000356:236;S000000357:236;S000000358:236;S000000359:236;S000000371:236;S000000396:236;S000000397:236;S000000233:234;S000000306:232;S000000295:231;S000000215:231;S000000208:229;S000000146:227,156.7210269999996,1138.1518626419572,1130.4594014800155,1143.999999999998,True,False,False
linear_distance,linear-distance sampling,1.5,0.03,2576302229,10000,20,5680,8776,1224,0.8776,0.1224,2539,2316,825,0,5680,0,2981,3.713365305827361,40.99152368036103,2.628173982549768,1307,1.8119698941390527,6.122496230346488,1.5153531019650588,S000000259:100;S000000233:99;S000000283:98;S000000284:98;S000000274:96;S000000291:95;S000000292:95;S000000293:95;S000000242:92;S000000313:92;S000000314:92;S000000253:91;S000000295:91;S000000371:89;S000000328:87;S000000400:84;S000000402:84;S000000306:84;S000000325:84;S000000396:83,92.65250860000016,19.74849864651716,16.212894176872606,23.860584549898398,False,True,True
linear_distance,linear-distance sampling,1.0,0.03,280539570,10000,20,5556,8436,1564,0.8436,0.1564,2434,2277,845,0,5556,0,2836,3.461468588355024,31.86373688333145,2.40009615750405,1200,1.5884007201514971,4.895912729291253,1.426522866128849,S000000313:247;S000000314:247;S000000325:245;S000000328:241;S000000242:240;S000000233:240;S000000253:238;S000000259:238;S000000306:237;S000000283:236;S000000284:236;S000000295:234;S000000274:233;S000000291:230;S000000292:230;S000000293:230;S000000340:216;S000000371:213;S000000344:209;S000000346:209,96.25635909999984,16.27404430773498,13.071644696648224,18.9567069426824,False,True,True
partial_hic_fallback,partially Hi-C-informed sampling with distance-based fallback,2.0,0.03,1713891987,10000,20,5505,8402,1598,0.8402,0.1598,2438,2269,798,4915,590,0,2722,3.411878567954862,30.322153014157383,2.3729282308378608,1079,1.5132572078891586,4.541499336618727,1.4054748084239934,S000000371:318;S000000242:298;S000000295:298;S000000215:295;S000000291:295;S000000292:295;S000000293:295;S000000233:293;S000000306:289;S000000328:289;S000000340:287;S000000100:287;S000000313:286;S000000314:286;S000000283:286;S000000284:286;S000000356:285;S000000357:285;S000000358:285;S000000359:285,98.9346504999994,15.56645594574281,13.404641540494374,19.34177573658774,False,True,True
partial_hic_fallback,partially Hi-C-informed sampling with distance-based fallback,1.5,0.03,3807846787,10000,20,5618,8388,1612,0.8388,0.1612,2438,2303,877,4498,1120,0,2808,3.4969470750731784,33.01450713682952,2.43686157044501,1155,1.5901943874444089,4.904702248202527,1.4305131931992368,S000000371:325;S000000295:302;S000000356:297;S000000357:297;S000000358:297;S000000359:297;S000000233:296;S000000242:296;S000000306:295;S000000253:295;S000000259:295;S000000274:294;S000000291:293;S000000292:293;S000000293:293;S000000283:289;S000000284:289;S000000340:285;S000000344:285;S000000346:285,58.08918529999937,16.912301881412848,14.254780474202697,20.21873952069489,False,True,True
partial_hic_fallback,partially Hi-C-informed sampling with distance-based fallback,1.0,0.03,3083522482,10000,20,5533,8349,1651,0.8349,0.1651,2422,2284,827,3126,2407,0,2751,3.4096731258987125,30.2553529515768,2.365596226736661,1107,1.5100716939399994,4.527055345114237,1.4016142920427128,S000000295:299;S000000306:297;S000000291:294;S000000292:294;S000000293:294;S000000328:291;S000000259:287;S000000313:287;S000000314:287;S000000242:286;S000000344:286;S000000346:286;S000000347:286;S000000274:285;S000000325:285;S000000253:283;S000000283:280;S000000284:280;S000000340:280;S000000215:273,56.97557500000039,15.753035780493697,13.218369673256529,18.81246532388455,False,True,True
linear_distance,linear-distance sampling,1.5,0.05,2692316041,10000,20,9001,8093,1907,0.8093,0.1907,3939,3671,1391,0,9001,0,4063,5.266397777251115,193.71689270112125,5.0208951985904,1798,2.791080590479821,16.298622425689082,2.019173542355719,S000000259:146;S000000306:138;S000000253:135;S000000313:134;S000000314:134;S000000242:134;S000000291:131;S000000292:131;S000000293:131;S000000295:131;S000000283:130;S000000284:130;S000000356:128;S000000357:128;S000000358:128;S000000359:128;S000000233:128;S000000274:125;S000000371:122;S000000208:121,125.44796230000064,70.71059158487346,58.787767390039164,82.93582921466259,False,True,True
partial_hic_fallback,partially Hi-C-informed sampling with distance-based fallback,0.5,0.03,1710054020,10000,20,5326,8084,1916,0.8084,0.1916,2360,2170,796,1316,4010,0,2535,3.1345201418240265,22.977607203474346,2.1641052044779787,975,1.2586834712763169,3.5207832225885176,1.314440928732144,S000000295:516;S000000306:515;S000000313:511;S000000314:511;S000000291:510;S000000292:510;S000000293:510;S000000283:507;S000000284:507;S000000328:506;S000000325:504;S000000344:496;S000000346:496;S000000347:496;S000000340:494;S000000274:491;S000000371:485;S000000356:484;S000000357:484;S000000358:484,53.21471940000083,12.629275078429128,10.508011416317192,14.604917042717268,False,True,True
linear_distance,linear-distance sampling,0.5,0.03,3697332404,10000,20,5456,8007,1993,0.8007,0.1993,2396,2166,894,0,5456,0,2561,3.1829263596145694,24.117226064186053,2.197612600394626,1035,1.3221865648674604,3.75161556622659,1.3334033741160911,S000000259:572;S000000291:572;S000000292:572;S000000293:572;S000000253:571;S000000242:568;S000000274:567;S000000295:567;S000000306:566;S000000313:565;S000000314:565;S000000283:563;S000000284:563;S000000233:540;S000000328:535;S000000325:534;S000000344:515;S000000346:515;S000000347:515;S000000215:512,96.96567630000028,12.969226527737964,10.666377523042735,15.468389555570528,False,True,True
linear_distance,linear-distance sampling,1.0,0.05,4156490522,10000,20,8752,7486,2514,0.7486,0.2514,3906,3533,1313,0,8752,0,3714,4.991925253396645,147.21958583628566,4.422754153972863,1628,2.473342047573584,11.862024129195456,1.8244283591746444,S000000274:436;S000000283:435;S000000284:435;S000000259:426;S000000253:419;S000000295:416;S000000291:414;S000000292:414;S000000293:414;S000000306:413;S000000313:413;S000000314:413;S000000325:397;S000000242:394;S000000328:390;S000000340:383;S000000344:382;S000000346:382;S000000347:382;S000000233:379,131.3275076,57.31774951690009,45.28896360716049,71.01698022460411,False,True,True
partial_hic_fallback,partially Hi-C-informed sampling with distance-based fallback,2.0,0.05,3032681791,10000,20,8774,7391,2609,0.7391,0.2609,3911,3567,1296,7806,968,0,3607,4.983727918692555,146.01771043378528,4.450053142191429,1497,2.4090048836171705,11.12288706883525,1.803694975948864,S000000371:540;S000000215:516;S000000325:514;S000000328:514;S000000356:511;S000000357:511;S000000358:511;S000000359:511;S000000242:502;S000000313:502;S000000314:502;S000000253:498;S000000344:498;S000000346:498;S000000347:498;S000000306:497;S000000208:495;S000000340:495;S000000295:493;S000000259:492,143.15566760000002,58.310228235926225,47.62099231505702,69.16354057011428,False,True,True
partial_hic_fallback,partially Hi-C-informed sampling with distance-based fallback,1.5,0.05,2604182243,10000,20,8720,7374,2626,0.7374,0.2626,3938,3484,1298,6883,1837,0,3531,4.892888538629078,133.33817077964534,4.269772398688474,1500,2.389492521612317,10.90795698579367,1.7902098187582909,S000000371:489;S000000313:467;S000000314:467;S000000306:457;S000000259:453;S000000328:450;S000000274:448;S000000295:447;S000000325:443;S000000291:441;S000000292:441;S000000293:441;S000000283:439;S000000284:439;S000000340:439;S000000242:439;S000000356:438;S000000357:438;S000000358:438;S000000359:438,76.42534500000147,54.23052898641079,44.314558481655155,65.54815658468054,False,True,True
linear_distance,linear-distance sampling,1.5,0.07,1182193551,10000,20,12128,7363,2637,0.7363,0.2637,5400,4936,1792,0,12128,0,4585,6.307929493328046,548.907255283111,9.536935596824478,2149,3.593125098454552,36.347488100961165,2.665875745192257,S000000313:230;S000000314:230;S000000306:225;S000000283:211;S000000284:211;S000000325:211;S000000274:209;S000000295:208;S000000328:206;S000000291:203;S000000292:203;S000000293:203;S000000340:194;S000000344:191;S000000346:191;S000000347:191;S000000356:190;S000000357:190;S000000358:190;S000000359:190,153.42866069999943,166.89697235546532,141.90540075142607,196.65958685052792,False,True,True
partial_hic_fallback,partially Hi-C-informed sampling with distance-based fallback,1.0,0.05,967491237,10000,20,8764,7314,2686,0.7314,0.2686,3956,3510,1298,5068,3696,0,3582,4.889413133789903,132.87557098208202,4.233816717841667,1553,2.38396311412828,10.847808891710638,1.7792455024112388,S000000371:500;S000000325:485;S000000356:483;S000000357:483;S000000358:483;S000000359:483;S000000306:479;S000000313:479;S000000314:479;S000000340:477;S000000328:475;S000000295:474;S000000283:473;S000000284:473;S000000291:470;S000000292:470;S000000293:470;S000000344:467;S000000346:467;S000000347:467,76.89449070000046,54.20990168893558,42.43650442289835,66.77426871854938,False,True,True
partial_hic_fallback,partially Hi-C-informed sampling with distance-based fallback,0.5,0.05,2452768872,10000,20,8486,6981,3019,0.6981,0.3019,3774,3440,1272,2056,6430,0,3319,4.637769554729686,103.3136549522292,3.801440221441967,1358,2.019632603418465,7.53555588755098,1.6010498438467238,S000000325:771;S000000274:771;S000000328:770;S000000306:767;S000000283:763;S000000284:763;S000000313:759;S000000314:759;S000000295:751;S000000291:750;S000000292:750;S000000293:750;S000000259:750;S000000340:743;S000000253:743;S000000344:735;S000000346:735;S000000347:735;S000000356:716;S000000357:716,72.34537269999964,43.29367006259165,34.96672994295041,50.69258493861385,False,True,False
linear_distance,linear-distance sampling,0.5,0.05,1368124422,10000,20,8383,6889,3111,0.6889,0.3111,3820,3307,1256,0,8383,0,3230,4.540485178925515,93.7362679503313,3.65080099299761,1349,1.9987421274604984,7.379767451363063,1.5912719101434023,S000000283:880;S000000284:880;S000000274:879;S000000253:873;S000000291:869;S000000292:869;S000000293:869;S000000259:862;S000000295:860;S000000306:859;S000000313:836;S000000314:836;S000000242:833;S000000233:825;S000000325:825;S000000328:824;S000000344:821;S000000346:821;S000000347:821;S000000340:818,129.85128189999978,40.27157473741078,32.1657033169977,47.69276547884172,False,True,False
linear_distance,linear-distance sampling,1.5,0.09,2683194250,10000,20,14983,6743,3257,0.6743,0.3257,6641,5996,2346,0,14983,0,4938,7.100725637167722,1212.8468420052834,19.603831685238728,2486,4.338977218351955,76.62912438231837,3.612343909578684,S000000291:245;S000000292:245;S000000293:245;S000000328:244;S000000295:242;S000000313:241;S000000314:241;S000000325:239;S000000253:237;S000000340:234;S000000344:234;S000000346:234;S000000347:234;S000000283:233;S000000284:233;S000000208:233;S000000274:233;S000000356:230;S000000357:230;S000000358:230,80.9424900999984,322.07939959030364,275.55858406012584,355.5518183387116,False,True,False
linear_distance,linear-distance sampling,1.0,0.07,1740433454,10000,20,11594,6733,3267,0.6733,0.3267,5047,4752,1795,0,11594,0,4201,6.05676016526276,426.9898170399976,8.139361505965294,1950,3.170589477756557,23.8215224760695,2.275595365350625,S000000340:508;S000000283:506;S000000284:506;S000000313:506;S000000314:506;S000000344:506;S000000346:506;S000000347:506;S000000356:506;S000000357:506;S000000358:506;S000000359:506;S000000233:506;S000000242:505;S000000295:503;S000000259:502;S000000291:502;S000000292:502;S000000293:502;S000000371:494,159.3504015999997,140.38210244556888,121.37070834450502,163.72606890036565,False,True,False
partial_hic_fallback,partially Hi-C-informed sampling with distance-based fallback,1.0,0.07,3160849969,10000,20,11477,6632,3368,0.6632,0.3368,5002,4694,1781,6548,4929,0,4030,5.925946856826487,374.63299128215766,7.554200172438078,1858,3.1799600634387777,24.04579322659524,2.302760175674673,S000000328:630;S000000325:628;S000000371:626;S000000295:624;S000000306:620;S000000291:618;S000000292:618;S000000293:618;S000000313:618;S000000314:618;S000000344:616;S000000346:616;S000000347:616;S000000340:610;S000000283:608;S000000284:608;S000000253:602;S000000356:602;S000000357:602;S000000358:602,89.24143860000004,126.71306312918233,107.86275440834535,149.852013329192,False,True,False
partial_hic_fallback,partially Hi-C-informed sampling with distance-based fallback,2.0,0.07,1316201356,10000,20,11466,6597,3403,0.6597,0.3403,5096,4640,1730,10156,1310,0,4044,6.014730059877028,409.41530638056935,8.057674223812754,1817,3.1619209722626627,23.61591790725677,2.2963342418155475,S000000371:669;S000000242:655;S000000233:647;S000000295:642;S000000306:639;S000000291:636;S000000292:636;S000000293:636;S000000253:633;S000000328:628;S000000325:627;S000000313:626;S000000314:626;S000000215:626;S000000259:625;S000000356:623;S000000357:623;S000000358:623;S000000359:623;S000000283:618,166.22903609999958,135.56275484174662,110.32163225646843,159.00067209855874,False,True,False
partial_hic_fallback,partially Hi-C-informed sampling with distance-based fallback,1.5,0.07,2312135107,10000,20,11697,6526,3474,0.6526,0.3474,5174,4805,1718,9258,2439,0,3990,5.979049104392994,395.0645243688347,7.892126344658898,1750,3.0723407374307685,21.59238567359607,2.2327980602835416,S000000371:680;S000000356:638;S000000357:638;S000000358:638;S000000359:638;S000000328:597;S000000313:595;S000000314:595;S000000394:589;S000000325:587;S000000306:586;S000000340:584;S000000344:581;S000000346:581;S000000347:581;S000000396:577;S000000397:577;S000000415:564;S000000295:559;S000000400:558,91.81884949999947,135.01990510439256,111.09709326794692,160.41602690648335,False,True,False
linear_distance,linear-distance sampling,1.5,0.1,140491699,10000,20,16634,6433,3567,0.6433,0.3567,7324,6677,2633,0,16634,0,5026,7.422582626480698,1673.3495688669034,29.69856062394732,2634,4.741213344307802,114.57313403673244,4.371082372746267,S000000274:296;S000000291:296;S000000292:296;S000000293:296;S000000283:293;S000000284:293;S000000295:291;S000000313:291;S000000314:291;S000000325:285;S000000259:284;S000000306:282;S000000328:281;S000000344:279;S000000346:279;S000000347:279;S000000253:279;S000000242:271;S000000356:270;S000000357:270,193.68391359999987,428.1826221823945,366.71827568092226,483.8518621334868,False,True,False
partial_hic_fallback,partially Hi-C-informed sampling with distance-based fallback,0.5,0.07,1291112168,10000,20,11005,6098,3902,0.6098,0.3902,4876,4433,1696,2686,8319,0,3650,5.665395115434599,288.70202921179174,6.560320803915139,1612,2.690292801969418,14.735990015721878,1.9541455643219008,S000000306:1085;S000000295:1065;S000000291:1061;S000000292:1061;S000000293:1061;S000000313:1060;S000000314:1060;S000000328:1039;S000000325:1038;S000000283:1018;S000000284:1018;S000000274:1014;S000000259:1011;S000000340:1010;S000000253:997;S000000344:986;S000000346:986;S000000347:986;S000000242:984;S000000356:966,87.31982259999859,105.47925871372107,90.02163234425161,124.95007768446568,False,True,False
linear_distance,linear-distance sampling,1.5,0.12,2157732798,10000,20,18922,5975,4025,0.5975,0.4025,8358,7686,2878,0,18922,0,5030,7.765026962212014,2356.722030105563,55.30684692974914,2744,5.18884992480267,179.26226924401848,5.607695476993692,S000000295:339;S000000291:335;S000000292:335;S000000293:335;S000000283:320;S000000284:320;S000000242:316;S000000340:315;S000000306:314;S000000274:313;S000000356:312;S000000357:312;S000000358:312;S000000359:312;S000000259:311;S000000313:307;S000000314:307;S000000344:304;S000000346:304;S000000347:304,186.89865370000007,580.7597570789394,512.0811601660054,621.6391628613638,False,True,False
linear_distance,linear-distance sampling,1.0,0.09,1595675989,10000,20,14232,5895,4105,0.5895,0.4105,6298,5675,2259,0,14232,0,4237,6.734324151321722,840.7750553129854,14.605597456389416,2155,3.861090320765405,47.51713205073486,2.947814283507578,S000000291:700;S000000292:700;S000000293:700;S000000306:697;S000000295:690;S000000313:681;S000000314:681;S000000283:679;S000000284:679;S000000259:672;S000000274:669;S000000253:661;S000000325:657;S000000328:648;S000000242:634;S000000340:618;S000000344:612;S000000346:612;S000000347:612;S000000233:590,179.62924250000015,260.84754938380024,233.284404264585,290.27163537504657,False,True,False
partial_hic_fallback,partially Hi-C-informed sampling with distance-based fallback,1.5,0.09,1859482873,10000,20,14128,5888,4112,0.5888,0.4112,6247,5711,2170,11085,3043,0,4173,6.660789625459162,781.1675234230137,13.705733799513895,2013,3.815021165341436,45.3777168076532,2.944102503568822,S000000371:768;S000000291:737;S000000292:737;S000000293:737;S000000295:735;S000000242:725;S000000325:725;S000000328:724;S000000306:721;S000000274:718;S000000283:712;S000000284:712;S000000313:712;S000000314:712;S000000356:708;S000000357:708;S000000358:708;S000000359:708;S000000253:706;S000000215:703,99.90973380000104,242.27846865390896,205.93046456291745,282.1201491449695,False,True,False
partial_hic_fallback,partially Hi-C-informed sampling with distance-based fallback,2.0,0.09,3674923251,10000,20,14132,5881,4119,0.5881,0.4119,6206,5760,2166,12508,1624,0,4185,6.749321650286706,853.4796084661599,15.057264880984771,1974,3.76092502695355,42.9881728110173,2.888088390157498,S000000371:778;S000000295:771;S000000356:769;S000000357:769;S000000358:769;S000000359:769;S000000313:767;S000000314:767;S000000306:764;S000000328:761;S000000291:758;S000000292:758;S000000293:758;S000000325:758;S000000340:750;S000000215:745;S000000344:744;S000000346:744;S000000347:744;S000000242:744,185.7797950999993,261.08573298189435,226.42440779726905,298.67077936289274,False,True,False
linear_distance,linear-distance sampling,0.5,0.07,2525498675,10000,20,10991,5848,4152,0.5848,0.4152,5037,4407,1547,0,10991,0,3464,5.560045344805223,259.834618205978,6.246952521551633,1466,2.517396670478824,12.396283010769608,1.859786277767556,S000000283:1206;S000000284:1206;S000000306:1205;S000000274:1195;S000000313:1191;S000000314:1191;S000000295:1191;S000000291:1189;S000000292:1189;S000000293:1189;S000000259:1188;S000000325:1182;S000000328:1179;S000000253:1177;S000000340:1157;S000000344:1156;S000000346:1156;S000000347:1156;S000000242:1122;S000000233:1115,158.2816642000007,97.92275460543698,81.41631243623578,115.12653601467527,False,True,False
partial_hic_fallback,partially Hi-C-informed sampling with distance-based fallback,1.0,0.09,2440376121,10000,20,14078,5685,4315,0.5685,0.4315,6278,5637,2163,7922,6156,0,4097,6.747403334298328,851.8439342590739,15.213063307536697,1983,3.7670000326058446,43.25012106677856,2.8824396619652,S000000371:795;S000000295:765;S000000356:765;S000000357:765;S000000358:765;S000000359:765;S000000306:760;S000000291:759;S000000292:759;S000000293:759;S000000313:757;S000000314:757;S000000325:743;S000000242:742;S000000328:741;S000000344:736;S000000346:736;S000000347:736;S000000340:734;S000000253:733,101.05358580000028,265.53254068660965,231.5772483823291,307.3432825514902,False,True,False
partial_hic_fallback,partially Hi-C-informed sampling with distance-based fallback,1.5,0.1,920122771,10000,20,15620,5595,4405,0.5595,0.4405,6758,6469,2393,12342,3278,0,4254,7.072756103893166,1179.394091606183,21.6681687075734,2118,4.144971784596149,63.11584103767697,3.383655220249252,S000000371:834;S000000356:810;S000000357:810;S000000358:810;S000000359:810;S000000313:791;S000000314:791;S000000325:791;S000000295:789;S000000233:782;S000000253:782;S000000306:781;S000000291:780;S000000292:780;S000000293:780;S000000328:780;S000000242:777;S000000259:775;S000000283:771;S000000284:771,107.06702669999868,350.6843102004399,315.913494883763,401.2790959686801,False,True,False
linear_distance,linear-distance sampling,1.0,0.1,3958821903,10000,20,15376,5578,4422,0.5578,0.4422,6808,6262,2306,0,15376,0,4263,7.052556919720224,1155.8102818536129,20.97722001682811,2170,4.136613620821871,62.59050697387168,3.336890070607091,S000000306:695;S000000325:691;S000000313:689;S000000314:689;S000000283:685;S000000284:685;S000000328:683;S000000340:683;S000000274:671;S000000295:671;S000000344:669;S000000346:669;S000000347:669;S000000291:666;S000000292:666;S000000293:666;S000000253:657;S000000259:653;S000000356:649;S000000357:649,189.56841310000075,343.51043134875977,296.8494021070269,382.3105965964513,False,True,False
partial_hic_fallback,partially Hi-C-informed sampling with distance-based fallback,2.0,0.1,1477168291,10000,20,15455,5523,4477,0.5523,0.4477,6755,6359,2341,13729,1726,0,4213,7.088408484778075,1197.9996479110623,22.359569924946506,2027,4.074966326981457,58.84849894838736,3.314489543452008,S000000371:877;S000000242:843;S000000313:833;S000000314:833;S000000328:826;S000000253:825;S000000356:824;S000000357:824;S000000358:824;S000000359:824;S000000233:817;S000000325:816;S000000259:813;S000000215:813;S000000283:808;S000000284:808;S000000340:804;S000000295:803;S000000306:803;S000000208:799,194.74579079999967,354.636101068859,307.46207019366466,408.0305487634423,False,True,False
partial_hic_fallback,partially Hi-C-informed sampling with distance-based fallback,1.0,0.1,655664069,10000,20,15000,5307,4693,0.5307,0.4693,6815,5845,2340,8454,6546,0,3967,6.880084761727423,972.7088047763172,18.14925445269502,2039,4.090786202275959,59.78687781084034,3.3177295169650494,S000000291:853;S000000292:853;S000000293:853;S000000295:851;S000000371:845;S000000283:834;S000000284:834;S000000313:828;S000000314:828;S000000306:825;S000000233:824;S000000242:821;S000000274:807;S000000356:806;S000000357:806;S000000358:806;S000000359:806;S000000328:803;S000000325:800;S000000259:796,104.97800819999976,306.1188246512747,265.9384337427104,347.27562625783025,False,True,False
partial_hic_fallback,partially Hi-C-informed sampling with distance-based fallback,0.5,0.09,1982738802,10000,20,13469,5276,4724,0.5276,0.4724,5974,5451,2044,3317,10152,0,3749,6.515745940194525,675.697803732882,12.754366817229185,1777,3.4076959526061894,30.195591974137542,2.514262632744027,S000000313:1285;S000000314:1285;S000000306:1278;S000000325:1268;S000000295:1265;S000000328:1265;S000000291:1262;S000000292:1262;S000000293:1262;S000000274:1248;S000000283:1248;S000000284:1248;S000000340:1225;S000000259:1210;S000000253:1201;S000000344:1197;S000000346:1197;S000000347:1197;S000000242:1178;S000000356:1174,98.68875740000112,228.73100381864688,190.5433866601095,258.75736528246586,False,True,False
linear_distance,linear-distance sampling,1.5,0.15,426479639,10000,20,22416,5236,4764,0.5236,0.4764,9876,9085,3455,0,22416,0,4760,8.081500014366267,3234.08076766583,163.77357228195942,2909,5.8694158192857016,354.0420952804265,8.77615124239489,S000000283:403;S000000284:403;S000000274:384;S000000291:379;S000000292:379;S000000293:379;S000000371:376;S000000344:375;S000000346:375;S000000347:375;S000000340:372;S000000295:371;S000000259:366;S000000356:361;S000000357:361;S000000358:361;S000000359:361;S000000306:359;S000000253:356;S000000242:350,190.1122642000009,808.6229849996415,745.6415593179206,866.009235985446,False,True,False
linear_distance,linear-distance sampling,0.5,0.09,340349571,10000,20,13467,5178,4822,0.5178,0.4822,5967,5453,2047,0,13467,0,3635,6.413819376087363,610.2198951660125,11.802039278382106,1730,3.2762583014690536,26.476519972892813,2.391517380895463,S000000274:1393;S000000283:1371;S000000284:1371;S000000259:1365;S000000295:1360;S000000291:1358;S000000292:1358;S000000293:1358;S000000253:1343;S000000306:1338;S000000313:1316;S000000314:1316;S000000242:1307;S000000233:1299;S000000325:1281;S000000328:1279;S000000344:1277;S000000346:1277;S000000347:1277;S000000340:1267,179.4570302000002,209.71202213862466,180.63386625662,242.8799311233744,False,True,False
partial_hic_fallback,partially Hi-C-informed sampling with distance-based fallback,0.5,0.1,3581944228,10000,20,14688,4993,5007,0.4993,0.5007,6387,5973,2328,3380,11308,0,3743,6.793494682402262,892.0254668049837,17.180139577161288,1872,3.699641494456176,40.43280637618066,2.806571642694524,S000000313:1292;S000000314:1292;S000000306:1290;S000000295:1284;S000000291:1283;S000000292:1283;S000000293:1283;S000000274:1268;S000000325:1264;S000000283:1262;S000000284:1262;S000000328:1258;S000000259:1256;S000000253:1245;S000000340:1242;S000000344:1227;S000000346:1227;S000000347:1227;S000000356:1225;S000000357:1225,104.2407500999998,296.65411470725377,252.5864848292441,342.07628067337805,False,False,False
linear_distance,linear-distance sampling,1.0,0.12,2778378777,10000,20,17657,4985,5015,0.4985,0.5015,7706,7232,2719,0,17657,0,4173,7.507538265205232,1821.723418410887,44.54028035925846,2291,4.719476270885416,112.10952226890736,4.421454768215563,S000000306:785;S000000313:784;S000000314:784;S000000283:779;S000000284:779;S000000295:778;S000000328:778;S000000344:773;S000000346:773;S000000347:773;S000000291:772;S000000292:772;S000000293:772;S000000340:772;S000000325:768;S000000274:760;S000000356:759;S000000357:759;S000000358:759;S000000359:759,204.71861470000024,528.727083285881,473.65056449274516,588.8833373502196,False,False,False
partial_hic_fallback,partially Hi-C-informed sampling with distance-based fallback,1.5,0.12,1352135446,10000,20,17568,4949,5051,0.4949,0.5051,7686,7201,2681,13908,3660,0,4054,7.408605854897098,1650.124229880529,38.77565071740792,2180,4.696484447530259,109.56132602753694,4.469817337290103,S000000371:1006;S000000356:962;S000000357:962;S000000358:962;S000000359:962;S000000344:921;S000000346:921;S000000347:921;S000000253:919;S000000328:918;S000000340:917;S000000325:916;S000000306:914;S000000259:907;S000000295:899;S000000313:896;S000000314:896;S000000274:895;S000000283:890;S000000284:890,110.86566130000028,499.53359709843755,446.6762374719278,549.2572507967436,False,False,False
partial_hic_fallback,partially Hi-C-informed sampling with distance-based fallback,1.0,0.12,2377434645,10000,20,17264,4817,5183,0.4817,0.5183,7660,6939,2665,9754,7510,0,3960,7.355333206824648,1564.518216699285,36.20177112375556,2125,4.55354094021717,94.96808997898772,4.128591445670478,S000000371:930;S000000306:912;S000000295:908;S000000313:908;S000000314:908;S000000325:908;S000000242:904;S000000328:899;S000000253:896;S000000291:893;S000000292:893;S000000293:893;S000000259:890;S000000356:886;S000000357:886;S000000358:886;S000000359:886;S000000233:883;S000000274:882;S000000283:882,111.84621340000012,473.28300811668515,424.23155366720573,520.151005486335,False,False,False
partial_hic_fallback,partially Hi-C-informed sampling with distance-based fallback,2.0,0.12,2079310279,10000,20,17278,4813,5187,0.4813,0.5187,7646,6971,2661,15367,1911,0,3927,7.325673278180571,1518.7961267959954,34.82820268793196,2081,4.586915253805441,98.19106798154236,4.256736595580079,S000000371:1087;S000000356:1020;S000000357:1020;S000000358:1020;S000000359:1020;S000000325:963;S000000328:959;S000000242:955;S000000340:945;S000000313:942;S000000314:942;S000000344:942;S000000346:942;S000000347:942;S000000233:939;S000000215:937;S000000208:916;S000000253:916;S000000394:916;S000000306:906,204.6500486999994,466.06913858891346,404.3822794501254,529.1390957027954,False,False,False
linear_distance,linear-distance sampling,0.5,0.1,3432696791,10000,20,14370,4791,5209,0.4791,0.5209,6453,5731,2186,0,14370,0,3576,6.720569940417187,829.2900227185706,16.4137643275619,1769,3.5742992072747457,35.66961504801096,2.6840580940490484,S000000306:1492;S000000291:1489;S000000292:1489;S000000293:1489;S000000295:1484;S000000274:1483;S000000283:1471;S000000284:1471;S000000328:1464;S000000325:1461;S000000313:1459;S000000314:1459;S000000259:1447;S000000253:1437;S000000340:1413;S000000344:1401;S000000346:1401;S000000347:1401;S000000242:1380;S000000356:1373,189.8677801000004,280.44447682125644,245.06460877328962,313.06550625101744,False,False,False
linear_distance,linear-distance sampling,1.5,0.18,3754543510,10000,20,25416,4593,5407,0.4593,0.5407,11214,10295,3907,0,25416,0,4380,8.21010389390534,3677.924560363349,530.0281148714856,2953,6.430278810933245,620.3468833969506,14.675019704059984,S000000313:414;S000000314:414;S000000306:411;S000000344:407;S000000346:407;S000000347:407;S000000283:403;S000000284:403;S000000274:402;S000000253:401;S000000259:400;S000000356:397;S000000357:397;S000000358:397;S000000359:397;S000000328:397;S000000325:396;S000000291:391;S000000292:391;S000000293:391,172.00657919999867,973.2862741787723,926.1035359913374,1013.4296770161517,False,False,False
linear_distance,linear-distance sampling,1.5,0.2,770846889,10000,20,27422,4289,5711,0.4289,0.5711,11928,11219,4275,0,27422,0,4173,8.244999422649734,3808.5332591545225,1191.3425943915545,2986,6.721451369236478,830.0213050834755,20.49884610198653,S000000274:419;S000000283:418;S000000284:418;S000000313:411;S000000314:411;S000000259:411;S000000242:409;S000000306:407;S000000253:406;S000000356:405;S000000357:405;S000000358:405;S000000359:405;S000000291:400;S000000292:400;S000000293:400;S000000325:398;S000000371:398;S000000328:396;S000000233:396,154.15441350000037,1051.4662165454104,1011.9247158129938,1082.4385746124035,False,False,False
partial_hic_fallback,partially Hi-C-informed sampling with distance-based fallback,0.5,0.12,2199721088,10000,20,16492,4218,5782,0.4218,0.5782,7347,6612,2533,3921,12571,0,3444,7.1498313305504055,1273.8910705460148,30.77798844410613,1826,4.141966152320594,62.926422832089074,3.44515622319292,S000000306:1519;S000000295:1508;S000000313:1505;S000000314:1505;S000000291:1501;S000000292:1501;S000000293:1501;S000000325:1481;S000000328:1470;S000000283:1464;S000000284:1464;S000000259:1454;S000000274:1452;S000000340:1450;S000000356:1444;S000000357:1444;S000000358:1444;S000000359:1444;S000000253:1442;S000000344:1433,111.12440069999866,440.0797880438073,395.3311065210489,491.24097918414844,False,False,False
linear_distance,linear-distance sampling,0.5,0.12,2826128352,10000,20,16337,4151,5849,0.4151,0.5849,7188,6609,2540,0,16337,0,3373,7.10726492396914,1220.803984012768,29.50141165311512,1778,4.025184702503198,55.99064943974923,3.2701868664544747,S000000274:1645;S000000291:1637;S000000292:1637;S000000293:1637;S000000283:1632;S000000284:1632;S000000313:1631;S000000314:1631;S000000295:1627;S000000306:1627;S000000259:1600;S000000325:1599;S000000328:1594;S000000253:1578;S000000340:1557;S000000344:1551;S000000346:1551;S000000347:1551;S000000242:1532;S000000356:1508,205.4246022999996,427.93235688042813,384.5632869765704,477.3493777060598,False,False,False
partial_hic_fallback,partially Hi-C-informed sampling with distance-based fallback,1.5,0.15,2004561742,10000,20,20281,4111,5889,0.4111,0.5889,8976,8229,3076,15988,4293,0,3715,7.787887600513969,2411.218741466593,123.98172588087702,2208,5.351492104017188,210.92278191708533,6.692663673109586,S000000371:1062;S000000242:1043;S000000325:1020;S000000215:1020;S000000356:1017;S000000357:1017;S000000358:1017;S000000359:1017;S000000233:1015;S000000253:1009;S000000328:1008;S000000306:1001;S000000295:1000;S000000259:995;S000000291:990;S000000292:990;S000000293:990;S000000208:987;S000000313:980;S000000314:980,118.91715340000157,757.4848542201408,696.3162500482077,807.2962024026085,False,False,False
partial_hic_fallback,partially Hi-C-informed sampling with distance-based fallback,2.0,0.15,1585545789,10000,20,20175,4057,5943,0.4057,0.5943,8957,8110,3108,17944,2231,0,3596,7.666750644123997,2136.129112379793,90.9526648799492,2123,5.187425332431443,179.0070753995655,6.053119466300864,S000000371:1128;S000000242:1121;S000000253:1116;S000000233:1107;S000000215:1100;S000000259:1092;S000000295:1086;S000000306:1079;S000000291:1076;S000000292:1076;S000000293:1076;S000000208:1071;S000000313:1062;S000000314:1062;S000000356:1050;S000000357:1050;S000000358:1050;S000000359:1050;S000000325:1040;S000000274:1038,208.1377540000012,694.3413773209161,635.7816535929658,766.0002289600875,False,False,False
linear_distance,linear-distance sampling,1.0,0.15,1037225636,10000,20,20530,4048,5952,0.4048,0.5952,9191,8132,3207,0,20530,0,3675,7.798017400604578,2435.7680350883675,133.45417229977366,2285,5.4401057499190255,230.46655399145124,6.963336288142322,S000000306:895;S000000274:891;S000000325:889;S000000313:884;S000000314:884;S000000328:880;S000000283:871;S000000284:871;S000000295:865;S000000340:864;S000000291:858;S000000292:858;S000000293:858;S000000344:856;S000000346:856;S000000347:856;S000000259:855;S000000253:845;S000000242:839;S000000356:802,219.1133249999993,773.4961651440152,722.4623887187109,826.822126284713,False,False,False
partial_hic_fallback,partially Hi-C-informed sampling with distance-based fallback,1.0,0.15,3687257994,10000,20,20050,3981,6019,0.3981,0.6019,8800,8206,3044,11303,8747,0,3561,7.684190667109913,2173.7100065012,98.28989524996749,2138,5.198976559220161,181.08681537327027,6.046950171411562,S000000325:1102;S000000328:1102;S000000306:1098;S000000295:1090;S000000313:1089;S000000314:1089;S000000291:1072;S000000292:1072;S000000293:1072;S000000253:1064;S000000283:1061;S000000284:1061;S000000371:1058;S000000259:1056;S000000274:1056;S000000233:1051;S000000340:1048;S000000356:1045;S000000357:1045;S000000358:1045,118.81887670000106,711.83932702502,646.3342251847145,786.3787412286638,False,False,False
partial_hic_fallback,partially Hi-C-informed sampling with distance-based fallback,0.5,0.15,3528955751,10000,20,18793,3527,6473,0.3527,0.6473,8309,7513,2971,4614,14179,0,3117,7.479611552477767,1771.5524870846675,75.14227811705292,1852,4.857525893869479,128.70537710403906,5.074426819990578,S000000283:1682;S000000284:1682;S000000274:1662;S000000306:1651;S000000313:1646;S000000314:1646;S000000295:1645;S000000291:1635;S000000292:1635;S000000293:1635;S000000259:1635;S000000253:1629;S000000325:1618;S000000328:1616;S000000233:1585;S000000242:1583;S000000340:1565;S000000356:1558;S000000357:1558;S000000358:1558,116.23908609999852,654.3755563609034,595.8043851675053,709.1680784679695,False,False,False
linear_distance,linear-distance sampling,1.0,0.18,1673311115,10000,20,22540,3477,6523,0.3477,0.6523,10123,8984,3433,0,22540,0,3286,7.877539696097831,2637.375824975089,331.77444496281475,2179,5.82253517280092,337.82741980751115,9.684988484108068,S000000295:1034;S000000291:1029;S000000292:1029;S000000293:1029;S000000283:1027;S000000284:1027;S000000274:1023;S000000313:1017;S000000314:1017;S000000306:1005;S000000328:997;S000000325:992;S000000242:991;S000000259:991;S000000253:987;S000000233:959;S000000340:958;S000000344:955;S000000346:955;S000000347:955,231.74096199999985,922.1200584372242,859.3846537863067,969.2856238824389,False,False,False
partial_hic_fallback,partially Hi-C-informed sampling with distance-based fallback,1.5,0.18,2061484420,10000,20,22669,3458,6542,0.3458,0.6542,9989,9202,3478,17726,4943,0,3256,7.852121678562015,2571.1837592690167,297.8124128312412,2128,5.861810994540853,351.35987901262786,10.300922432299268,S000000306:1220;S000000371:1198;S000000295:1197;S000000313:1187;S000000314:1187;S000000291:1185;S000000292:1185;S000000293:1185;S000000253:1169;S000000274:1163;S000000215:1160;S000000283:1148;S000000284:1148;S000000328:1141;S000000259:1139;S000000242:1132;S000000325:1130;S000000208:1124;S000000233:1111;S000000356:1109,122.923783799999,908.8882944076362,859.1094366446688,948.1347923163625,False,False,False
partial_hic_fallback,partially Hi-C-informed sampling with distance-based fallback,2.0,0.18,3604147398,10000,20,22677,3407,6593,0.3407,0.6593,10048,9248,3381,20215,2462,0,3221,7.868606063889029,2613.9194108508086,356.9936644625557,2051,5.694543738823723,297.24114304885893,9.038050033130656,S000000371:1290;S000000306:1226;S000000295:1217;S000000313:1206;S000000314:1206;S000000291:1195;S000000292:1195;S000000293:1195;S000000328:1193;S000000325:1182;S000000253:1166;S000000356:1166;S000000357:1166;S000000358:1166;S000000359:1166;S000000215:1154;S000000242:1150;S000000233:1149;S000000259:1137;S000000274:1132,196.8807811000006,934.1541646474552,877.8525277212418,983.7155482037862,False,False,False
linear_distance,linear-distance sampling,0.5,0.15,3791611920,10000,20,18652,3381,6619,0.3381,0.6619,8176,7628,2848,0,18652,0,2978,7.415447359854388,1661.452269212864,70.13455509267493,1697,4.547923197070964,94.43607939096177,4.325887104678487,S000000291:1879;S000000292:1879;S000000293:1879;S000000295:1877;S000000283:1872;S000000284:1872;S000000274:1853;S000000306:1827;S000000259:1810;S000000313:1803;S000000314:1803;S000000253:1781;S000000325:1780;S000000328:1779;S000000242:1747;S000000340:1726;S000000344:1715;S000000346:1715;S000000347:1715;S000000233:1704,219.15612150000013,639.7540708771472,593.0610106731261,695.7958644836515,False,False,False
linear_distance,linear-distance sampling,1.5,0.25,2950421996,10000,20,31300,3311,6689,0.3311,0.6689,13837,12707,4756,0,31300,0,3287,8.080701129325647,3231.4981406687784,2803.0480695474307,2664,7.1375420209883815,1258.3316320343024,47.49652746186277,S000000259:512;S000000274:502;S000000253:502;S000000344:494;S000000346:494;S000000347:494;S000000208:494;S000000283:494;S000000284:494;S000000356:492;S000000357:492;S000000358:492;S000000359:492;S000000233:492;S000000242:491;S000000371:490;S000000328:490;S000000340:488;S000000325:486;S000000215:478,146.65738200000123,1126.3115022599968,1112.7659154758953,1137.2868234740085,False,False,False
partial_hic_fallback,partially Hi-C-informed sampling with distance-based fallback,1.0,0.18,1937718534,10000,20,22271,3285,6715,0.3285,0.6715,9924,8992,3355,12567,9704,0,3096,7.808356275889355,2461.081769309719,303.76425052779734,2015,5.684409356509109,294.2440004121616,8.996518517468681,S000000371:1200;S000000325:1174;S000000242:1166;S000000328:1163;S000000306:1161;S000000295:1157;S000000283:1156;S000000284:1156;S000000253:1156;S000000259:1155;S000000274:1148;S000000356:1143;S000000357:1143;S000000358:1143;S000000359:1143;S000000291:1139;S000000292:1139;S000000293:1139;S000000313:1136;S000000314:1136,126.39985999999952,912.7496362280943,859.8805125432613,962.1440692808351,False,False,False
partial_hic_fallback,partially Hi-C-informed sampling with distance-based fallback,1.5,0.2,1091403980,10000,20,24267,3078,6922,0.3078,0.6922,10564,9964,3739,19057,5210,0,2946,7.833792441304249,2524.4852039621856,516.3551340745586,2026,5.96810728428814,390.765362632985,11.659550063995267,S000000371:1279;S000000325:1213;S000000306:1205;S000000242:1204;S000000295:1203;S000000356:1202;S000000357:1202;S000000358:1202;S000000359:1202;S000000313:1197;S000000314:1197;S000000328:1196;S000000233:1195;S000000215:1194;S000000208:1185;S000000253:1182;S000000291:1179;S000000292:1179;S000000293:1179;S000000259:1166,149.77953160000106,978.552146382866,938.87920354311,1020.1764462008687,False,False,False
linear_distance,linear-distance sampling,1.0,0.2,3518261095,10000,20,23934,3066,6934,0.3066,0.6934,10744,9593,3597,0,23934,0,2937,7.8347933434280765,2527.013231507423,533.9897750511249,2062,6.04483415074874,421.92777527405855,12.434826778840442,S000000283:1118;S000000284:1118;S000000274:1112;S000000291:1102;S000000292:1102;S000000293:1102;S000000295:1097;S000000313:1077;S000000314:1077;S000000325:1068;S000000306:1059;S000000259:1051;S000000328:1051;S000000253:1033;S000000356:1031;S000000357:1031;S000000358:1031;S000000359:1031;S000000340:1029;S000000344:1023,236.0513159000002,983.2037896592926,939.6783978419644,1020.1764462008687,False,False,False
partial_hic_fallback,partially Hi-C-informed sampling with distance-based fallback,2.0,0.2,780218145,10000,20,24121,3060,6940,0.306,0.694,10601,9901,3619,21369,2752,0,2937,7.842344437738157,2546.1671723366635,570.3947368421054,2020,6.086901554008211,440.0558074610721,13.40798442064266,S000000371:1441;S000000328:1369;S000000325:1365;S000000306:1363;S000000356:1350;S000000357:1350;S000000358:1350;S000000359:1350;S000000313:1325;S000000314:1325;S000000295:1324;S000000291:1320;S000000292:1320;S000000293:1320;S000000344:1315;S000000346:1315;S000000347:1315;S000000253:1312;S000000242:1308;S000000215:1305,160.3434326000006,990.510569260227,957.7436409391016,1034.3963548303389,False,False,False
partial_hic_fallback,partially Hi-C-informed sampling with distance-based fallback,1.0,0.2,4261704054,10000,20,23993,2941,7059,0.2941,0.7059,10493,9806,3694,13525,10468,0,2822,7.800090661340908,2440.8232559029548,546.2255131038837,1962,5.997664791846105,402.4878024172882,12.303093880372607,S000000371:1315;S000000306:1289;S000000356:1268;S000000357:1268;S000000358:1268;S000000359:1268;S000000328:1265;S000000325:1263;S000000313:1257;S000000314:1257;S000000295:1245;S000000291:1244;S000000292:1244;S000000293:1244;S000000340:1239;S000000344:1236;S000000346:1236;S000000347:1236;S000000283:1229;S000000284:1229,124.8836838999996,986.9145969430232,950.0361318040259,1026.0917137106676,False,False,False
partial_hic_fallback,partially Hi-C-informed sampling with distance-based fallback,0.5,0.18,4293388631,10000,20,21210,2758,7242,0.2758,0.7242,9379,8652,3179,5014,16196,0,2572,7.576336225556446,1951.466120177263,213.0093531223747,1686,5.341423042401042,208.8096439414738,7.355520099020424,S000000291:1882;S000000292:1882;S000000293:1882;S000000325:1878;S000000295:1877;S000000313:1876;S000000314:1876;S000000328:1876;S000000306:1870;S000000340:1860;S000000344:1847;S000000346:1847;S000000347:1847;S000000283:1841;S000000284:1841;S000000274:1823;S000000253:1799;S000000356:1796;S000000357:1796;S000000358:1796,122.8812659999985,860.8771477751834,808.6468349623442,909.5156786042522,False,False,False
linear_distance,linear-distance sampling,0.5,0.18,732349602,10000,20,20427,2680,7320,0.268,0.732,9029,8223,3175,0,20427,0,2498,7.5450320598146146,1891.3233719223745,207.8842257597686,1586,5.12005371935735,167.34435901107204,6.382698890599058,S000000306:2101;S000000295:2094;S000000283:2087;S000000284:2087;S000000291:2087;S000000292:2087;S000000293:2087;S000000313:2080;S000000314:2080;S000000274:2072;S000000259:2036;S000000325:2030;S000000328:2023;S000000253:2006;S000000340:1961;S000000242:1946;S000000344:1941;S000000346:1941;S000000347:1941;S000000233:1902,228.1211105000002,854.4250695118442,807.6675136367037,906.9965406805161,False,False,False
linear_distance,linear-distance sampling,1.5,0.3,2308636446,10000,20,34622,2658,7342,0.2658,0.7342,15333,13974,5315,0,34622,0,2648,7.875405669671693,2631.7535963947835,2552.3713872832373,2331,7.323848956280115,1516.0278796142943,109.35122585438342,S000000291:618;S000000292:618;S000000293:618;S000000295:618;S000000283:607;S000000284:607;S000000306:585;S000000274:582;S000000313:575;S000000314:575;S000000253:572;S000000259:570;S000000328:568;S000000242:568;S000000233:568;S000000344:560;S000000346:560;S000000347:560;S000000325:557;S000000340:553,151.45493700000043,1135.695591482205,1127.4848367157053,1142.61454525252,False,False,False
partial_hic_fallback,partially Hi-C-informed sampling with distance-based fallback,0.5,0.2,992375073,10000,20,21957,2426,7574,0.2426,0.7574,9764,8857,3336,5233,16724,0,2307,7.560811383646955,1921.40387675758,362.4954422271496,1542,5.471780958706659,237.88347637238465,8.604371281121615,S000000313:2005;S000000314:2005;S000000295:2002;S000000325:2001;S000000306:1993;S000000328:1990;S000000291:1988;S000000292:1988;S000000293:1988;S000000274:1975;S000000253:1968;S000000259:1968;S000000283:1965;S000000284:1965;S000000340:1958;S000000344:1940;S000000346:1940;S000000347:1940;S000000356:1929;S000000357:1929,123.8323722999994,943.8942886504141,900.3013260154323,990.5849262028732,False,False,False
linear_distance,linear-distance sampling,0.5,0.2,2160132656,10000,20,21716,2406,7594,0.2406,0.7594,9512,8768,3436,0,21716,0,2275,7.5178365017792625,1840.580889838723,293.87937861711856,1522,5.358332844306394,212.3705963044061,7.82820994098587,S000000274:2138;S000000283:2120;S000000284:2120;S000000259:2103;S000000306:2097;S000000291:2092;S000000292:2092;S000000293:2092;S000000295:2091;S000000253:2086;S000000313:2073;S000000314:2073;S000000325:2051;S000000242:2047;S000000328:2047;S000000340:1989;S000000344:1983;S000000346:1983;S000000347:1983;S000000233:1971,235.84223180000023,917.4972837573544,875.9561562469039,964.2071384880674,False,False,False
linear_distance,linear-distance sampling,1.0,0.25,92951844,10000,20,27071,2370,7630,0.237,0.763,11813,11056,4202,0,27071,0,2340,7.725728101918609,2265.9017944373827,1702.0909090909097,1823,6.4497914359859205,632.5703476423326,23.01385690755778,S000000291:1167;S000000292:1167;S000000293:1167;S000000295:1167;S000000274:1163;S000000306:1156;S000000283:1145;S000000284:1145;S000000313:1140;S000000314:1140;S000000259:1139;S000000328:1115;S000000325:1110;S000000253:1100;S000000242:1087;S000000340:1084;S000000344:1075;S000000346:1075;S000000347:1075;S000000233:1073,254.1342122999995,1101.968276559338,1079.8027693992515,1121.2043284878296,False,False,False
partial_hic_fallback,partially Hi-C-informed sampling with distance-based fallback,2.0,0.25,1592633087,10000,20,26848,2262,7738,0.2262,0.7738,11865,10832,4151,23766,3082,0,2238,7.688429106003339,2182.942695808897,1787.7861635220129,1739,6.503869459639967,667.7203576661698,27.1175298382481,S000000371:1606;S000000295:1499;S000000356:1487;S000000357:1487;S000000358:1487;S000000359:1487;S000000313:1485;S000000314:1485;S000000291:1475;S000000292:1475;S000000293:1475;S000000325:1475;S000000306:1471;S000000328:1466;S000000253:1430;S000000344:1429;S000000346:1429;S000000347:1429;S000000283:1425;S000000284:1425,145.94475460000103,1113.1028698581688,1096.8352047139997,1127.4848367157053,False,False,False
partial_hic_fallback,partially Hi-C-informed sampling with distance-based fallback,1.5,0.25,1135711084,10000,20,26791,2217,7783,0.2217,0.7783,11890,10751,4150,21057,5734,0,2193,7.668881077325165,2140.6848438805014,1773.7600144352216,1698,6.445923125673168,630.1280959820992,25.24662656729143,S000000371:1458;S000000356:1395;S000000357:1395;S000000358:1395;S000000359:1395;S000000328:1379;S000000325:1377;S000000306:1372;S000000313:1368;S000000314:1368;S000000295:1350;S000000344:1348;S000000346:1348;S000000347:1348;S000000340:1347;S000000291:1319;S000000292:1319;S000000293:1319;S000000394:1315;S000000242:1309,175.09004599999935,1111.8437422944912,1096.8352047139997,1126.017122640678,False,False,False
partial_hic_fallback,partially Hi-C-informed sampling with distance-based fallback,1.0,0.25,2443038446,10000,20,26614,2162,7838,0.2162,0.7838,11754,10787,4073,15112,11502,0,2136,7.637629148346186,2074.818892942896,1632.0684357541902,1655,6.399455941159109,601.5176878153025,24.127870003303585,S000000313:1473;S000000314:1473;S000000328:1460;S000000325:1456;S000000306:1432;S000000371:1425;S000000356:1422;S000000357:1422;S000000358:1422;S000000359:1422;S000000295:1420;S000000291:1414;S000000292:1414;S000000293:1414;S000000283:1394;S000000284:1394;S000000344:1392;S000000346:1392;S000000347:1392;S000000340:1388,131.6351263000015,1105.4589293144556,1085.6272723230056,1122.8793850140132,False,False,False
partial_hic_fallback,partially Hi-C-informed sampling with distance-based fallback,0.5,0.25,1877462373,10000,20,24192,1744,8256,0.1744,0.8256,10671,9724,3797,5678,18514,0,1711,7.396980730679067,1631.0524017044622,1085.487508922198,1299,5.997440483256844,402.3975310708309,17.352441807393873,S000000274:2167;S000000283:2159;S000000284:2159;S000000306:2154;S000000291:2151;S000000292:2151;S000000293:2151;S000000295:2148;S000000259:2147;S000000253:2147;S000000313:2128;S000000314:2128;S000000325:2112;S000000242:2110;S000000328:2094;S000000233:2058;S000000340:2050;S000000344:2032;S000000346:2032;S000000347:2032,129.3473670000003,1078.9795357023327,1058.385393693123,1098.0530567052024,False,False,False
partial_hic_fallback,partially Hi-C-informed sampling with distance-based fallback,1.5,0.3,4122858386,10000,20,28904,1715,8285,0.1715,0.8285,12811,11650,4443,22611,6293,0,1706,7.4337422074543005,1692.1280338954468,1629.4875346260394,1444,6.6711951402720215,789.3384110806671,52.22438253520126,S000000371:1591;S000000356:1530;S000000357:1530;S000000358:1530;S000000359:1530;S000000328:1484;S000000325:1479;S000000344:1477;S000000346:1477;S000000347:1477;S000000306:1470;S000000340:1462;S000000242:1453;S000000313:1452;S000000314:1452;S000000295:1451;S000000394:1449;S000000291:1432;S000000292:1432;S000000293:1432,210.8638864000004,1130.757161597681,1121.2043284878296,1138.4682401127916,False,False,False
partial_hic_fallback,partially Hi-C-informed sampling with distance-based fallback,2.0,0.3,2700327069,10000,20,28908,1707,8293,0.1707,0.8293,12665,11701,4542,25743,3165,0,1701,7.434513009236511,1693.432832005454,1666.0085763293307,1448,6.725050819649814,833.0143089662109,60.39691159705668,S000000371:1638;S000000306:1557;S000000295:1556;S000000253:1548;S000000291:1548;S000000292:1548;S000000293:1548;S000000313:1543;S000000314:1543;S000000328:1534;S000000242:1528;S000000325:1522;S000000259:1513;S000000274:1506;S000000356:1502;S000000357:1502;S000000358:1502;S000000359:1502;S000000283:1490;S000000284:1490,120.14188839999952,1136.8015506267955,1130.4594014800155,1142.61454525252,False,False,False
linear_distance,linear-distance sampling,1.0,0.3,1561271711,10000,20,29359,1682,8318,0.1682,0.8318,13000,11854,4505,0,29359,0,1674,7.415981990832519,1662.3407705536786,1612.9555302166475,1444,6.746773800543196,851.3078385112434,64.31873778020278,S000000295:1302;S000000291:1284;S000000292:1284;S000000293:1284;S000000306:1281;S000000283:1276;S000000284:1276;S000000313:1274;S000000314:1274;S000000325:1257;S000000274:1257;S000000328:1253;S000000340:1238;S000000344:1235;S000000346:1235;S000000347:1235;S000000356:1211;S000000357:1211;S000000358:1211;S000000359:1211,261.81009240000094,1132.7178406708758,1124.394912347227,1139.6445898043455,False,False,False
linear_distance,linear-distance sampling,0.5,0.25,1175439774,10000,20,23507,1582,8418,0.1582,0.8418,10424,9539,3544,0,23507,0,1547,7.28489857324263,1458.1132336595754,880.6206896551722,1156,5.760276835852039,317.4361944744867,14.160484327260374,S000000291:2321;S000000292:2321;S000000293:2321;S000000295:2320;S000000306:2314;S000000283:2300;S000000284:2300;S000000313:2297;S000000314:2297;S000000259:2292;S000000274:2292;S000000253:2278;S000000328:2277;S000000325:2272;S000000242:2238;S000000344:2205;S000000346:2205;S000000347:2205;S000000340:2203;S000000233:2190,242.4363884000004,1061.1659201235357,1044.2648741134806,1081.8187801264444,False,False,False
partial_hic_fallback,partially Hi-C-informed sampling with distance-based fallback,1.0,0.3,1581526928,10000,20,28275,1562,8438,0.1562,0.8438,12565,11420,4290,15958,12317,0,1556,7.345952259223903,1549.9101790340655,1530.642409033877,1314,6.531325031885329,686.3069879220941,44.57313018378456,S000000371:1535;S000000325:1515;S000000306:1510;S000000328:1509;S000000340:1498;S000000356:1496;S000000357:1496;S000000358:1496;S000000359:1496;S000000313:1493;S000000314:1493;S000000344:1485;S000000346:1485;S000000347:1485;S000000259:1479;S000000295:1477;S000000274:1473;S000000283:1473;S000000284:1473;S000000242:1471,132.92159849999916,1136.788716845726,1131.927302501595,1141.2307683764188,False,False,False
partial_hic_fallback,partially Hi-C-informed sampling with distance-based fallback,0.5,0.3,1407851898,10000,20,25441,1164,8836,0.1164,0.8836,11386,10286,3769,5973,19468,0,1156,7.042628778466617,1144.3920090153329,1096.194174757282,944,6.056188411912192,426.74575396003735,28.45583231822572,S000000283:2357;S000000284:2357;S000000274:2346;S000000295:2343;S000000291:2331;S000000292:2331;S000000293:2331;S000000259:2301;S000000253:2298;S000000306:2298;S000000325:2277;S000000313:2271;S000000314:2271;S000000328:2270;S000000340:2249;S000000344:2233;S000000346:2233;S000000347:2233;S000000242:2220;S000000356:2197,130.4579718999994,1124.9190458938265,1124.394912347227,1127.4848367157053,False,False,False
linear_distance,linear-distance sampling,0.5,0.3,3346694520,10000,20,25179,1144,8856,0.1144,0.8856,11058,10207,3914,0,25179,0,1139,7.032888832066169,1133.2997986435084,1114.7666098807492,937,6.093411796458027,442.9300232282973,31.042125237191616,S000000295:2428;S000000291:2421;S000000292:2421;S000000293:2421;S000000313:2397;S000000314:2397;S000000306:2396;S000000283:2392;S000000284:2392;S000000274:2388;S000000325:2377;S000000328:2375;S000000259:2352;S000000340:2330;S000000253:2326;S000000344:2298;S000000346:2298;S000000347:2298;S000000242:2289;S000000356:2253,251.70252340000025,1133.2997986435082,1133.2997986435084,1133.2997986435084,False,False,False
