scope,model_key,alpha,p_event,precursor_event_type,n_precursor_events,n_trajectories,same_chromosome_fraction,final_pair_activation_fraction,proposal_probability_increase_fraction,final_pair_lethal_hazard_increase_fraction,hazard_increase_ci_low_event_level,hazard_increase_ci_high_event_level,median_proposal_log2_ratio_when_nonzero,median_distance_change_when_observable,n_total_hazard_sampled,total_lethal_hazard_increase_fraction_sample,median_total_hazard_log2_ratio_nonzero_sample
scenario,linear_distance,0.5,0.03,duplication,89,86,0.6067415730337079,0.14606741573033707,0.14606741573033707,0.14606741573033707,0.08739460273413961,0.23402924389376945,-0.1053129680406935,0.0,50,0.06,-0.05751197087906435
scenario,linear_distance,0.5,0.03,inversion,229,212,0.62882096069869,0.0,0.048034934497816595,0.048034934497816595,0.02703064009485347,0.08395242517014319,0.0,0.0,50,0.34,0.0
scenario,linear_distance,0.5,0.05,duplication,175,170,0.5771428571428572,0.10857142857142857,0.10857142857142857,0.10857142857142857,0.07061569758086053,0.1633426871057922,-0.0882303561280049,0.0,50,0.1,-0.041188094170430595
scenario,linear_distance,0.5,0.05,inversion,536,490,0.5802238805970149,0.0,0.07276119402985075,0.07276119402985075,0.05368054893057547,0.09792221792523467,0.0,0.0,50,0.4,0.0
scenario,linear_distance,0.5,0.07,duplication,342,323,0.5263157894736842,0.1023391812865497,0.1023391812865497,0.1023391812865497,0.07450848208946345,0.13900397264193462,-0.0880419939238567,0.0,50,0.04,-0.0323608097902987
scenario,linear_distance,0.5,0.07,inversion,1066,891,0.5984990619136961,0.0,0.05722326454033771,0.0600375234521576,0.047294976999786555,0.07593959923922496,0.0,0.0,50,0.42,0.0
scenario,linear_distance,0.5,0.09,duplication,519,483,0.5799614643545279,0.10789980732177264,0.10789980732177264,0.10789980732177264,0.08403129952123548,0.1375300492707726,-0.08704241928872211,0.0,50,0.08,-0.08051579040938325
scenario,linear_distance,0.5,0.09,inversion,1513,1249,0.5816259087904825,0.0,0.05750165234633179,0.058823529411764705,0.04804721080384307,0.07183444048097298,0.0,0.0,50,0.42,0.0
scenario,linear_distance,0.5,0.1,duplication,607,572,0.5848434925864909,0.1301482701812191,0.1301482701812191,0.12685337726523888,0.10270352888585683,0.15569651345152286,-0.1109274685562786,0.0,50,0.08,-0.048470216044256
scenario,linear_distance,0.5,0.1,inversion,1783,1444,0.5933819405496354,0.0,0.06674144699943915,0.06898485698261357,0.0581243923144415,0.08169856600531239,0.0,0.0,50,0.42,0.0
scenario,linear_distance,0.5,0.12,duplication,852,773,0.6044600938967136,0.09741784037558686,0.09741784037558686,0.09624413145539906,0.07821449935963276,0.11789829360084278,-0.1110454346782674,0.0,50,0.14,-0.0376338661780623
scenario,linear_distance,0.5,0.12,inversion,2366,1812,0.6014370245139475,0.0,0.073541842772612,0.07565511411665257,0.06567383575609002,0.0870120991928063,0.0,0.0,50,0.44,0.0
scenario,linear_distance,0.5,0.15,duplication,1148,1018,0.6001742160278746,0.12195121951219512,0.12195121951219512,0.12020905923344948,0.1026523934680381,0.14029897512326797,-0.1110454346782676,0.0,50,0.06,-0.05352122912331175
scenario,linear_distance,0.5,0.15,inversion,3241,2395,0.5914841098426412,0.0,0.07004011107682814,0.07065720456649183,0.06233391720491779,0.07999706095897254,0.0,0.0,50,0.34,0.0
scenario,linear_distance,0.5,0.18,duplication,1467,1280,0.5916837082481254,0.11724608043626449,0.11724608043626449,0.11520109066121335,0.09985908705399674,0.13255308542771937,-0.1224738034625612,0.0,50,0.08,-0.084930031584253
scenario,linear_distance,0.5,0.18,inversion,4127,2840,0.5866246668282045,0.0,0.07947661739762539,0.08020353767870124,0.07230203972183835,0.08888581158117051,0.0,0.0,50,0.4,0.0
scenario,linear_distance,0.5,0.2,duplication,1660,1455,0.608433734939759,0.11626506024096385,0.11626506024096385,0.11144578313253012,0.0971957928707797,0.12748995278053213,-0.1087896236851402,0.0,50,0.04,-0.10906927135331475
scenario,linear_distance,0.5,0.2,inversion,4615,3119,0.5835319609967498,0.0,0.06868905742145179,0.06977248104008667,0.06277445165765322,0.07748614498687942,0.0,0.0,50,0.52,4.154062906785339e-05
scenario,linear_distance,0.5,0.25,duplication,2102,1745,0.5984776403425309,0.12226450999048526,0.12226450999048526,0.11417697431018078,0.1012794954442615,0.1284820836119574,-0.10763596392222645,0.0,50,0.08,-0.026220568730157448
scenario,linear_distance,0.5,0.25,inversion,5977,3782,0.6101723272544755,0.0,0.0736155261837042,0.0754559143382968,0.06902917280928426,0.08242802013883117,0.0,0.0,50,0.38,0.0
scenario,linear_distance,0.5,0.3,duplication,2574,2084,0.6017871017871018,0.12742812742812742,0.12742812742812742,0.11577311577311578,0.10398131829469158,0.12871005097792007,-0.1146358877830085,0.0,50,0.02,-0.06600224994881715
scenario,linear_distance,0.5,0.3,inversion,7108,4214,0.5991840180078785,0.0,0.07203151378728194,0.073297692740574,0.06746658653955113,0.07958976516294004,0.0,0.0,50,0.52,9.61027951144475e-16
scenario,linear_distance,1.0,0.03,duplication,54,51,0.4444444444444444,0.07407407407407407,0.07407407407407407,0.07407407407407407,0.02918152776550481,0.1755411583859995,-0.0322974683822626,0.0,50,0.06,-0.027364562395653352
scenario,linear_distance,1.0,0.03,inversion,200,182,0.445,0.0,0.025,0.025,0.010724719651761264,0.05717834040664198,0.0,0.0,50,0.32,0.0
scenario,linear_distance,1.0,0.05,duplication,173,168,0.5838150289017341,0.05202312138728324,0.05202312138728324,0.05202312138728324,0.02760783038362031,0.09590087038343206,-0.0290403705098721,0.0,50,0.06,-0.01162248232013565
scenario,linear_distance,1.0,0.05,inversion,480,437,0.49375,0.0,0.022916666666666665,0.025,0.014357806275901537,0.0431847178570125,0.0,0.0,50,0.22,0.0
scenario,linear_distance,1.0,0.07,duplication,307,290,0.4723127035830619,0.05537459283387622,0.05537459283387622,0.05537459283387622,0.03485724540343757,0.08688153089835104,-0.0393448368276852,0.0,50,0.04,-0.01284819813185345
scenario,linear_distance,1.0,0.07,inversion,870,731,0.4839080459770115,0.0,0.03908045977011494,0.03908045977011494,0.02809932226513165,0.05411405648397101,0.0,0.0,50,0.28,0.0
scenario,linear_distance,1.0,0.09,duplication,504,474,0.49404761904761907,0.03571428571428571,0.03571428571428571,0.03571428571428571,0.022708441184061106,0.055744111534288585,-0.024944806929814,0.0,50,0.02,-0.010163756716565851
scenario,linear_distance,1.0,0.09,inversion,1340,1087,0.503731343283582,0.0,0.029104477611940297,0.029104477611940297,0.021362791561812783,0.03953833504319252,0.0,0.0,50,0.22,0.0
scenario,linear_distance,1.0,0.1,duplication,561,512,0.45989304812834225,0.0285204991087344,0.0285204991087344,0.0285204991087344,0.01763033519413272,0.04582368054955192,-0.0331874300322238,0.0,50,0.06,-0.01387771724222795
scenario,linear_distance,1.0,0.1,inversion,1603,1276,0.49469744229569557,0.0,0.01684341859014348,0.018091079226450407,0.012625392341599744,0.025860955195189172,0.0,0.0,50,0.38,0.0
scenario,linear_distance,1.0,0.12,duplication,742,666,0.48787061994609165,0.029649595687331536,0.029649595687331536,0.029649595687331536,0.019660398800806188,0.04448387509935999,-0.03696091684847095,0.0,50,0.02,-0.0262834648416312
scenario,linear_distance,1.0,0.12,inversion,2158,1646,0.510194624652456,0.0,0.025949953660797033,0.026876737720111215,0.020848568648971163,0.034586328453089614,0.0,0.0,50,0.32,0.0
scenario,linear_distance,1.0,0.15,duplication,1138,991,0.5298769771528998,0.04569420035149385,0.04569420035149385,0.04569420035149385,0.035014451742629134,0.05943076040799109,-0.0331874300322238,0.0,50,0.12,-0.0082404338219147
scenario,linear_distance,1.0,0.15,inversion,3010,2185,0.4913621262458472,0.0,0.03289036544850498,0.03322259136212625,0.027391598129794935,0.0402434986746855,0.0,0.0,50,0.26,0.0
scenario,linear_distance,1.0,0.18,duplication,1400,1204,0.4757142857142857,0.039285714285714285,0.039285714285714285,0.03785714285714286,0.02905847329700769,0.04918501932143025,-0.0290705990618369,0.0,50,0.08,-0.0147253200384178
scenario,linear_distance,1.0,0.18,inversion,3764,2610,0.5087672688629118,0.0,0.03002125398512221,0.031615302869287994,0.026485522585094852,0.0377001554652732,0.0,0.0,50,0.32,0.0
scenario,linear_distance,1.0,0.2,duplication,1599,1362,0.5090681676047529,0.04940587867417136,0.04940587867417136,0.04690431519699812,0.03758253914356752,0.05839791979332849,-0.0290705990618369,0.0,50,0.0,-0.022232909188229
scenario,linear_distance,1.0,0.2,inversion,4378,2885,0.5159890360895386,0.0,0.03540429419826405,0.03631795340338054,0.031170353477029716,0.04227855193072384,0.0,0.0,50,0.26,0.0
scenario,linear_distance,1.0,0.25,duplication,2108,1708,0.49335863377609107,0.04601518026565465,0.04601518026565465,0.04316888045540797,0.03529208829117531,0.052707632542259165,-0.0331874300322238,0.0,50,0.02,-0.0196535861722149
scenario,linear_distance,1.0,0.25,inversion,5827,3584,0.4999141925519135,0.0,0.031920370688175735,0.032778445169040674,0.028505658053692567,0.03766685950584536,0.0,0.0,50,0.28,0.0
scenario,linear_distance,1.0,0.3,duplication,2677,2128,0.4945834889802017,0.04109077325364214,0.04109077325364214,0.037728800896525964,0.031148151807719713,0.0456342547547497,-0.03126742903616915,0.0,50,0.06,-0.01350845650123055
scenario,linear_distance,1.0,0.3,inversion,7444,4240,0.5013433637829124,0.0,0.03076303062869425,0.0315690488984417,0.027832331211739905,0.035788982620002574,0.0,0.0,50,0.32,0.0
scenario,linear_distance,1.5,0.03,duplication,50,50,0.4,0.0,0.0,0.0,6.938893903907228e-18,0.07134759913335872,-0.0067600956705896505,0.0,50,0.04,-0.0044002585023773
scenario,linear_distance,1.5,0.03,inversion,134,122,0.4552238805970149,0.0,0.007462686567164179,0.007462686567164179,0.001318564353840538,0.041059533430896106,0.0,0.0,50,0.16,0.0
scenario,linear_distance,1.5,0.05,duplication,137,133,0.4744525547445255,0.014598540145985401,0.014598540145985401,0.014598540145985401,0.004012618647735732,0.05166316663844993,-0.0127861094900907,0.0,50,0.02,-0.007413536818362151
scenario,linear_distance,1.5,0.05,inversion,378,337,0.42592592592592593,0.0,0.010582010582010581,0.010582010582010581,0.004122618060904406,0.02688883590029225,0.0,0.0,50,0.14,0.0
scenario,linear_distance,1.5,0.07,duplication,240,229,0.525,0.0125,0.0125,0.0125,0.004260067321970977,0.03610000462104887,-0.0128460930944578,0.0,50,0.02,-0.008525503217786
scenario,linear_distance,1.5,0.07,inversion,714,610,0.484593837535014,0.0,0.011204481792717087,0.011204481792717087,0.005688189138699468,0.021952257894397042,0.0,0.0,50,0.24,0.0
scenario,linear_distance,1.5,0.09,duplication,402,366,0.4527363184079602,0.01990049751243781,0.01990049751243781,0.01990049751243781,0.01011762872248036,0.03877205070640305,-0.0124673181194895,0.0,50,0.0,-0.0107373651277416
scenario,linear_distance,1.5,0.09,inversion,978,804,0.44171779141104295,0.0,0.0081799591002045,0.010224948875255624,0.005563346091958942,0.018719045537062808,0.0,0.0,50,0.18,0.0
scenario,linear_distance,1.5,0.1,duplication,456,424,0.4342105263157895,0.013157894736842105,0.013157894736842105,0.013157894736842105,0.00604395821900912,0.028405869035194986,-0.0101819585470084,0.0,50,0.02,-0.01233641538426805
scenario,linear_distance,1.5,0.1,inversion,1366,1085,0.4355783308931186,0.0,0.00951683748169839,0.010248901903367497,0.006114794271066432,0.0171298364237197,0.0,0.0,50,0.18,0.0
scenario,linear_distance,1.5,0.12,duplication,627,560,0.4944178628389155,0.014354066985645933,0.014354066985645933,0.014354066985645933,0.007569761307696321,0.027052977124119693,-0.0096647342057165,0.0,50,0.0,-0.0103746096908654
scenario,linear_distance,1.5,0.12,inversion,1723,1329,0.4619849100406268,0.0,0.00812536273940801,0.009866511897852582,0.006169265500598293,0.015744418947617966,0.0,0.0,50,0.18,0.0
scenario,linear_distance,1.5,0.15,duplication,954,843,0.46016771488469604,0.01781970649895178,0.01781970649895178,0.01781970649895178,0.011155097461013784,0.028351919563792155,-0.0101178161827363,0.0,50,0.02,-0.0052547561187558
scenario,linear_distance,1.5,0.15,inversion,2537,1820,0.4406779661016949,0.0,0.012219156484036263,0.013795821836815136,0.009936312883977685,0.019125499912074094,0.0,0.0,50,0.12,0.0
scenario,linear_distance,1.5,0.18,duplication,1289,1107,0.4491854150504267,0.017067494181536073,0.017067494181536073,0.017067494181536073,0.011297815598668258,0.025707076605464958,-0.01014003181487115,0.0,50,0.02,-0.005055110510297851
scenario,linear_distance,1.5,0.18,inversion,3375,2295,0.45185185185185184,0.0,0.01362962962962963,0.01451851851851852,0.010999679253557208,0.019141261084093173,0.0,0.0,50,0.18,0.0
scenario,linear_distance,1.5,0.2,duplication,1437,1203,0.44676409185803756,0.013917884481558803,0.013917884481558803,0.013221990257480862,0.008480788899583768,0.020558810540413395,-0.0101182916308606,0.0,50,0.06,-0.007976808671466499
scenario,linear_distance,1.5,0.2,inversion,3976,2592,0.4507042253521127,0.0,0.01232394366197183,0.014336016096579477,0.011082036508273538,0.018527549712684343,0.0,0.0,50,0.1,0.0
scenario,linear_distance,1.5,0.25,duplication,2025,1655,0.4365432098765432,0.016296296296296295,0.016296296296296295,0.016296296296296295,0.011627193628489685,0.02279711218261638,-0.0101178161827363,0.0,50,0.04,-0.008969236051133849
scenario,linear_distance,1.5,0.25,inversion,5498,3356,0.4483448526736995,0.0,0.010549290651145871,0.011458712259003273,0.008966921946127165,0.01463271461056222,0.0,0.0,50,0.18,0.0
scenario,linear_distance,1.5,0.3,duplication,2649,2085,0.44620611551528877,0.01887504718761797,0.01887504718761797,0.01812004530011325,0.013694331772463066,0.023941335631904963,-0.01021897265726665,0.0,50,0.02,-0.00609170278640345
scenario,linear_distance,1.5,0.3,inversion,7076,3980,0.45124364047484455,0.0,0.010316563029960429,0.011447145279819108,0.009220184539488748,0.014204274861939533,0.0,0.0,50,0.2,0.0
scenario,linear_distance,2.0,0.03,duplication,35,33,0.37142857142857144,0.0,0.0,0.0,6.938893903907228e-18,0.09890099232440402,-0.0060301153918024,0.0,35,0.0,-0.0048273381339826
scenario,linear_distance,2.0,0.03,inversion,118,109,0.4830508474576271,0.0,0.0,0.00847457627118644,0.0014975405219652578,0.04644557241540204,0.0,0.0,50,0.16,0.0
scenario,linear_distance,2.0,0.05,duplication,99,97,0.4444444444444444,0.010101010101010102,0.010101010101010102,0.010101010101010102,0.0017853072791700793,0.055015314645872934,-0.0061636858997156495,0.0,50,0.02,-0.0053049708717531
scenario,linear_distance,2.0,0.05,inversion,232,209,0.4224137931034483,0.0,0.0,0.0,0.0,0.016288310121142503,0.0,0.0,50,0.1,0.0
scenario,linear_distance,2.0,0.07,duplication,195,178,0.4256410256410256,0.010256410256410256,0.010256410256410256,0.010256410256410256,0.00281719866017395,0.03661853505049644,-0.0061636858997156,0.0,50,0.0,-0.005836210422797351
scenario,linear_distance,2.0,0.07,inversion,526,438,0.46387832699619774,0.0,0.0,0.0019011406844106464,0.0003356768802718676,0.010689241467370984,0.0,0.0,50,0.14,0.0
scenario,linear_distance,2.0,0.09,duplication,326,298,0.44785276073619634,0.006134969325153374,0.006134969325153374,0.006134969325153374,0.0016840452974651084,0.022089372540093147,-0.0061636858997159,0.0,50,0.0,-0.0052700394670995
scenario,linear_distance,2.0,0.09,inversion,888,728,0.44481981981981983,0.0,0.0022522522522522522,0.0033783783783783786,0.0011496043708125693,0.009885382535613326,0.0,0.0,50,0.12,0.0
scenario,linear_distance,2.0,0.1,duplication,394,364,0.4137055837563452,0.01015228426395939,0.01015228426395939,0.01015228426395939,0.003954909537193898,0.025809355996607677,-0.006216778758226901,0.0,50,0.0,-0.0048888955050446995
scenario,linear_distance,2.0,0.1,inversion,1010,807,0.44554455445544555,0.0,0.005940594059405941,0.005940594059405941,0.002725387329967269,0.012899796156927216,0.0,0.0,50,0.16,0.0
scenario,linear_distance,2.0,0.12,duplication,523,473,0.4149139579349904,0.0076481835564053535,0.0076481835564053535,0.0076481835564053535,0.0029781326940738102,0.01949819034853674,-0.0062234121466629,0.0,50,0.0,-0.008224676278372551
scenario,linear_distance,2.0,0.12,inversion,1408,1065,0.43394886363636365,0.0,0.002130681818181818,0.002130681818181818,0.0007248828623973927,0.006245771497699567,0.0,0.0,50,0.08,0.0
scenario,linear_distance,2.0,0.15,duplication,751,671,0.43142476697736354,0.0013315579227696406,0.0013315579227696406,0.0013315579227696406,0.0002350913531433724,0.007503565224915243,-0.0062234121466627,0.0,50,0.0,-0.00590672050350665
scenario,linear_distance,2.0,0.15,inversion,2113,1502,0.42214860388073827,0.0,0.007572172266919072,0.008045433033601515,0.005029263806402848,0.012847114541636428,0.0,0.0,50,0.12,0.0
scenario,linear_distance,2.0,0.18,duplication,1120,942,0.43839285714285714,0.008035714285714285,0.008035714285714285,0.008035714285714285,0.004233312284987588,0.015201331853887223,-0.0062234121466629,0.0,50,0.0,-0.004333750141572
scenario,linear_distance,2.0,0.18,inversion,2903,1934,0.437822941784361,0.0,0.005167068549776094,0.005511539786427834,0.0033954478261658152,0.008934587825394972,0.0,0.0,50,0.16,0.0
scenario,linear_distance,2.0,0.2,duplication,1264,1069,0.40427215189873417,0.00870253164556962,0.00870253164556962,0.00870253164556962,0.004866237270934068,0.015516010557379598,-0.0062234121466627,0.0,50,0.04,-0.005039432483625801
scenario,linear_distance,2.0,0.2,inversion,3301,2166,0.4295667979400182,0.0,0.00545289306270827,0.0069675855801272345,0.004647416646334683,0.010433929748563076,0.0,0.0,50,0.1,0.0
scenario,linear_distance,2.0,0.25,duplication,1730,1420,0.423121387283237,0.007514450867052023,0.007514450867052023,0.007514450867052023,0.004396751938519362,0.012814428858248161,-0.0062234121466629,0.0,50,0.0,-0.00580869410624005
scenario,linear_distance,2.0,0.25,inversion,4811,2894,0.4360839742257327,0.0,0.003949282893369362,0.0047807108709208065,0.003187826011554742,0.007163804306279622,0.0,0.0,50,0.08,0.0
scenario,linear_distance,2.0,0.3,duplication,2400,1904,0.43875,0.005416666666666667,0.005416666666666667,0.005416666666666667,0.0031683022906319,0.009245768825078915,-0.0062234121466629,0.0,50,0.0,-0.0073825704341219
scenario,linear_distance,2.0,0.3,inversion,6410,3551,0.42839313572542903,0.0,0.0035881435257410295,0.0042121684867394696,0.002896550659242924,0.0061216733165223546,0.0,0.0,50,0.06,0.0
scenario,partial_hic_fallback,0.5,0.03,duplication,60,57,0.6666666666666666,0.06666666666666667,0.06666666666666667,0.06666666666666667,0.026228698724506214,0.1592535731319717,-0.06727781478549524,0.0,50,0.1,-0.01849776305788695
scenario,partial_hic_fallback,0.5,0.03,inversion,236,208,0.6694915254237288,0.0,0.0423728813559322,0.0423728813559322,0.023176352195936934,0.07622872538290668,0.0,0.0,50,0.58,0.00081300676152805
scenario,partial_hic_fallback,0.5,0.05,duplication,181,172,0.6464088397790055,0.08839779005524862,0.08839779005524862,0.08839779005524862,0.055144023951642356,0.13875976283605126,-0.09834431168912075,0.0,50,0.06,-0.050475664561917696
scenario,partial_hic_fallback,0.5,0.05,inversion,562,499,0.6548042704626335,0.0,0.05871886120996441,0.06227758007117438,0.04511722891239606,0.0853812661512067,0.0,0.0,50,0.64,0.00137876175154735
scenario,partial_hic_fallback,0.5,0.07,duplication,305,285,0.6721311475409836,0.06885245901639345,0.06885245901639345,0.06885245901639345,0.045471502547842074,0.10295888952367241,-0.08132260592175386,0.0,50,0.12,-0.01191497779664765
scenario,partial_hic_fallback,0.5,0.07,inversion,931,789,0.6723952738990333,0.0,0.06659505907626208,0.06659505907626208,0.052294939097752874,0.08445708191548565,0.0,0.0,50,0.6,0.0004261409704398
scenario,partial_hic_fallback,0.5,0.09,duplication,509,484,0.6836935166994106,0.08644400785854617,0.08644400785854617,0.08644400785854617,0.06502371574561552,0.11405981434161333,-0.0803157434035656,0.0,50,0.08,-0.05293429237722905
scenario,partial_hic_fallback,0.5,0.09,inversion,1446,1182,0.6839557399723375,0.0,0.056016597510373446,0.059474412171507604,0.04841165300577478,0.07287157955106224,0.0,0.0,50,0.7,0.0008876065158921501
scenario,partial_hic_fallback,0.5,0.1,duplication,615,570,0.6715447154471544,0.08943089430894309,0.08943089430894309,0.08617886178861789,0.06648890091781381,0.11100641271229655,-0.0803157434035656,0.0,50,0.06,-0.06380041459384075
scenario,partial_hic_fallback,0.5,0.1,inversion,1742,1375,0.642939150401837,0.0,0.0539609644087256,0.0574052812858783,0.04742427935152395,0.0693340080581403,0.0,0.0,50,0.7,0.0011995240163126001
scenario,partial_hic_fallback,0.5,0.12,duplication,825,735,0.6496969696969697,0.09090909090909091,0.09090909090909091,0.08848484848484849,0.07096395299582865,0.10982026963933493,-0.067049251066388,0.0,50,0.06,-0.04873685534603085
scenario,partial_hic_fallback,0.5,0.12,inversion,2337,1797,0.6846384253316218,0.0,0.06375695335900727,0.06632434745400086,0.056930106940972065,0.07714196258688313,0.0,0.0,50,0.64,0.00150218772082405
scenario,partial_hic_fallback,0.5,0.15,duplication,1141,1007,0.684487291849255,0.09553023663453111,0.09553023663453111,0.09290096406660824,0.07739595326088743,0.11113797618208827,-0.0733062915870224,0.0,50,0.04,-0.040232720647873255
scenario,partial_hic_fallback,0.5,0.15,inversion,3041,2216,0.6724761591581716,0.0,0.0654390003288392,0.06806971390989806,0.059651954061622756,0.07757734489259256,0.0,0.0,50,0.64,0.0011271136244893499
scenario,partial_hic_fallback,0.5,0.18,duplication,1439,1257,0.6587908269631688,0.09312022237665045,0.09312022237665045,0.09034051424600417,0.0765992975664454,0.10626310717506021,-0.0714767655415291,0.0,50,0.12,-0.02424286193039785
scenario,partial_hic_fallback,0.5,0.18,inversion,4313,2956,0.6807326686760955,0.0,0.06005100857871551,0.06329700904242987,0.056411538196261726,0.07095970396441374,0.0,0.0,50,0.64,0.0010142125410872
scenario,partial_hic_fallback,0.5,0.2,duplication,1654,1420,0.6777509068923822,0.09371221281741234,0.09371221281741234,0.08645707376058041,0.07385317664766311,0.10097744860818789,-0.0670492510663878,0.0,50,0.16,-0.0505512893965053
scenario,partial_hic_fallback,0.5,0.2,inversion,4688,3156,0.6793941979522184,0.0,0.059726962457337884,0.06228668941979522,0.05572051911457405,0.06956961781354999,0.0,0.0,50,0.6,0.00032803445053075
scenario,partial_hic_fallback,0.5,0.25,duplication,2177,1801,0.6554892053284336,0.0891134588883785,0.0891134588883785,0.08084519981626091,0.070118895338835,0.09304815074855827,-0.067234025598119,0.0,50,0.08,-0.0406592366306827
scenario,partial_hic_fallback,0.5,0.25,inversion,5890,3691,0.6794567062818336,0.0,0.054838709677419356,0.057724957555178265,0.05205210090502023,0.06397434188252038,0.0,0.0,50,0.54,0.0005016789093392
scenario,partial_hic_fallback,0.5,0.3,duplication,2502,2015,0.6654676258992805,0.09272581934452438,0.09272581934452438,0.08713029576338929,0.0767027822688517,0.0988236690445101,-0.07098112131383325,0.0,50,0.08,-0.02824838698788265
scenario,partial_hic_fallback,0.5,0.3,inversion,7279,4279,0.6803132298392637,0.0,0.05907404863305399,0.06168429729358428,0.056385313668155045,0.06744567509082978,0.0,0.0,50,0.64,0.00084990171777805
scenario,partial_hic_fallback,1.0,0.03,duplication,72,70,0.7916666666666666,0.013888888888888888,0.013888888888888888,0.013888888888888888,0.002455951882905767,0.07456602147476155,-0.0160230923983549,0.0,50,0.04,-0.02017404228991895
scenario,partial_hic_fallback,1.0,0.03,inversion,197,181,0.7715736040609137,0.0,0.03553299492385787,0.04568527918781726,0.024218569045282967,0.08453118286820814,0.0,0.0,50,0.72,0.00319407970041185
scenario,partial_hic_fallback,1.0,0.05,duplication,170,163,0.7352941176470589,0.03529411764705882,0.03529411764705882,0.03529411764705882,0.01627414845222118,0.07485174825941153,-0.0189303032279915,0.0,50,0.02,-0.01688738361599385
scenario,partial_hic_fallback,1.0,0.05,inversion,512,457,0.779296875,0.0,0.03515625,0.03515625,0.022351806085305896,0.05488405415706165,0.0,0.0,50,0.5,3.429978091132015e-05
scenario,partial_hic_fallback,1.0,0.07,duplication,291,273,0.7491408934707904,0.024054982817869417,0.024054982817869417,0.020618556701030927,0.009483105301703897,0.044245630419713085,-0.014294200552832,0.0,50,0.0,-0.01108922533537295
scenario,partial_hic_fallback,1.0,0.07,inversion,875,731,0.768,0.0,0.03542857142857143,0.036571428571428574,0.026022810729524972,0.05117138412756528,0.0,0.0,50,0.52,0.0014687245423997
scenario,partial_hic_fallback,1.0,0.09,duplication,495,459,0.7575757575757576,0.014141414141414142,0.014141414141414142,0.012121212121212121,0.005566777501760262,0.026189722565705564,-0.0163929962029777,0.0,50,0.0,-0.01514492926753305
scenario,partial_hic_fallback,1.0,0.09,inversion,1388,1135,0.7334293948126801,0.0,0.03314121037463977,0.03674351585014409,0.02805615222380044,0.0479880395553218,0.0,0.0,50,0.56,0.0013049349119194499
scenario,partial_hic_fallback,1.0,0.1,duplication,609,563,0.7175697865353038,0.016420361247947456,0.016420361247947456,0.016420361247947456,0.008943218958569152,0.029959923897615606,-0.0160765484699323,0.0,50,0.04,-0.0160203145924581
scenario,partial_hic_fallback,1.0,0.1,inversion,1583,1295,0.7605811749842072,0.0,0.02969046114971573,0.032849020846494,0.025137495044229324,0.04282232426931416,0.0,0.0,50,0.46,0.0
scenario,partial_hic_fallback,1.0,0.12,duplication,776,702,0.7268041237113402,0.019329896907216496,0.019329896907216496,0.019329896907216496,0.011748593340391343,0.031646712766917266,-0.0160765484699323,0.0,50,0.06,-0.01358995001194225
scenario,partial_hic_fallback,1.0,0.12,inversion,2107,1649,0.7588989084005695,0.0,0.025628856193640248,0.026578073089700997,0.020524047921600612,0.03435523177826542,0.0,0.0,50,0.6,0.001454343422658
scenario,partial_hic_fallback,1.0,0.15,duplication,1074,964,0.7569832402234636,0.0260707635009311,0.0260707635009311,0.025139664804469275,0.017334170523409777,0.03632999162895407,-0.0175923447408894,0.0,50,0.0,-0.04246664397625085
scenario,partial_hic_fallback,1.0,0.15,inversion,3056,2242,0.7509816753926701,0.0,0.031413612565445025,0.03599476439790576,0.029951426055719193,0.04320316768161965,0.0,0.0,50,0.6,0.0024163498138824
scenario,partial_hic_fallback,1.0,0.18,duplication,1433,1253,0.7662247034193999,0.025819958129797628,0.025819958129797628,0.023028611304954642,0.016444023655586094,0.03216360691627769,-0.0164335352233813,0.0,50,0.06,-0.0173916648031283
scenario,partial_hic_fallback,1.0,0.18,inversion,3915,2695,0.7481481481481481,0.0,0.02554278416347382,0.02937420178799489,0.024528822496074437,0.03514224643537056,0.0,0.0,50,0.56,0.00043421372199745
scenario,partial_hic_fallback,1.0,0.2,duplication,1671,1398,0.7552363853979653,0.023937761819269897,0.023937761819269897,0.022142429682824656,0.0161066134966347,0.03037029833925013,-0.0160765484699323,0.0,50,0.06,-0.017807959575828397
scenario,partial_hic_fallback,1.0,0.2,inversion,4551,3027,0.7640079103493738,0.0,0.02944407822456603,0.03471764447374204,0.029779238922775886,0.040440869002452556,0.0,0.0,50,0.44,0.0
scenario,partial_hic_fallback,1.0,0.25,duplication,2189,1808,0.7396071265417999,0.02466879853814527,0.02466879853814527,0.02284148012791229,0.017368741865463014,0.029986008019893436,-0.0164391543685689,0.0,50,0.0,-0.0319319949343796
scenario,partial_hic_fallback,1.0,0.25,inversion,5955,3703,0.7586901763224181,0.0,0.0329135180520571,0.036943744752308987,0.03244376131088675,0.042040760871472876,0.0,0.0,50,0.56,0.00116455259408505
scenario,partial_hic_fallback,1.0,0.3,duplication,2585,2085,0.7485493230174082,0.017408123791102514,0.017408123791102514,0.015087040618955513,0.011056113967275797,0.020557045865994068,-0.016197691014152,0.0,50,0.04,-0.00516956667037275
scenario,partial_hic_fallback,1.0,0.3,inversion,7270,4184,0.7500687757909216,0.0,0.027922971114167812,0.03218707015130674,0.028370570307162307,0.03649769242470011,0.0,0.0,50,0.44,0.0
scenario,partial_hic_fallback,1.5,0.03,duplication,65,63,0.8923076923076924,0.0,0.0,0.0,0.0,0.05580153132285689,-0.0042590064801232,0.0,50,0.0,-0.0105821376814598
scenario,partial_hic_fallback,1.5,0.03,inversion,198,179,0.898989898989899,0.0,0.020202020202020204,0.025252525252525252,0.010833526286184784,0.05774236937750138,0.0,0.0,50,0.54,0.00103587168263655
scenario,partial_hic_fallback,1.5,0.05,duplication,148,142,0.8175675675675675,0.0,0.0,0.0,-1.734723475976807e-18,0.025299143267784395,-0.004967977975409901,0.0,50,0.0,-0.00988619943584925
scenario,partial_hic_fallback,1.5,0.05,inversion,502,447,0.850597609561753,0.0,0.035856573705179286,0.0398406374501992,0.025936461915956652,0.060733893105762965,0.0,0.0,50,0.64,0.0046609861981664
scenario,partial_hic_fallback,1.5,0.07,duplication,308,282,0.8376623376623377,0.0,0.0,0.0,0.0,0.012318627661702055,-0.0054101595511718,0.0,50,0.0,-0.0111496614950029
scenario,partial_hic_fallback,1.5,0.07,inversion,920,787,0.8478260869565217,0.0,0.029347826086956522,0.03260869565217391,0.02293550131860511,0.04616884360026148,0.0,0.0,50,0.54,0.0002339514464824
scenario,partial_hic_fallback,1.5,0.09,duplication,476,440,0.8550420168067226,0.004201680672268907,0.004201680672268907,0.004201680672268907,0.0011530096330789642,0.015188760500677446,-0.0051813907959996994,0.0,50,0.0,-0.00914077983920225
scenario,partial_hic_fallback,1.5,0.09,inversion,1332,1090,0.8708708708708709,0.0,0.02702702702702703,0.03153153153153153,0.02341136110578576,0.04234603715481486,0.0,0.0,50,0.58,0.00156581650301875
scenario,partial_hic_fallback,1.5,0.1,duplication,587,536,0.8603066439522998,0.0034071550255536627,0.0034071550255536627,0.0034071550255536627,0.0009348626068385246,0.01233681747523543,-0.0063851781456784,0.0,50,0.0,-0.0248601366898097
scenario,partial_hic_fallback,1.5,0.1,inversion,1596,1279,0.8771929824561403,0.0,0.020050125313283207,0.023809523809523808,0.01739538855733966,0.03251046828896835,0.0,0.0,50,0.56,0.0016356291520869
scenario,partial_hic_fallback,1.5,0.12,duplication,726,662,0.8677685950413223,0.0027548209366391185,0.0027548209366391185,0.0027548209366391185,0.00075579662964199,0.009988261173493305,-0.0049679779754098,0.0,50,0.0,-0.019706623764625
scenario,partial_hic_fallback,1.5,0.12,inversion,2161,1634,0.8695048588616381,0.0,0.031004164738546967,0.03424340583063397,0.027364921176987248,0.04277483811208807,0.0,0.0,50,0.62,0.00242906579696885
scenario,partial_hic_fallback,1.5,0.15,duplication,1018,896,0.8673870333988212,0.003929273084479371,0.003929273084479371,0.003929273084479371,0.0015290464238429148,0.010059305877266826,-0.0056767019777767,0.0,50,0.0,-0.01409950146318065
scenario,partial_hic_fallback,1.5,0.15,inversion,2997,2165,0.8745412078745413,0.0,0.03203203203203203,0.037037037037037035,0.030846816680573264,0.0444125603707715,0.0,0.0,50,0.6,0.00259549662157905
scenario,partial_hic_fallback,1.5,0.18,duplication,1353,1180,0.8499630450849963,0.003695491500369549,0.003695491500369549,0.003695491500369549,0.0015794946460657815,0.008621740531936888,-0.0056767019777768,0.0,50,0.0,-0.0063204678265494
scenario,partial_hic_fallback,1.5,0.18,inversion,3876,2685,0.8722910216718266,0.0,0.02476780185758514,0.02863777089783282,0.023835669244485894,0.0343732707902289,0.0,0.0,50,0.5,0.00017241449260955
scenario,partial_hic_fallback,1.5,0.2,duplication,1635,1410,0.8740061162079511,0.0030581039755351682,0.0030581039755351682,0.0024464831804281344,0.0009517881653048439,0.00627371785113143,-0.0056997364421012,0.0,50,0.0,-0.00333074233533315
scenario,partial_hic_fallback,1.5,0.2,inversion,4522,2945,0.8686421937195931,0.0,0.0254312251216276,0.029854046881910658,0.025278928653356604,0.03522726921333788,0.0,0.0,50,0.62,0.0031850820632326002
scenario,partial_hic_fallback,1.5,0.25,duplication,2166,1781,0.8550323176361958,0.007386888273314866,0.007386888273314866,0.007386888273314866,0.004552033220078558,0.011965974892907684,-0.0056767019777768,0.0,50,0.0,-0.0084475541223431
scenario,partial_hic_fallback,1.5,0.25,inversion,5954,3665,0.8768894860597918,0.0,0.024521330198186093,0.029224051058112193,0.025239895174003782,0.03381529473874328,0.0,0.0,50,0.54,0.0006004988493003
scenario,partial_hic_fallback,1.5,0.3,duplication,2610,2075,0.8597701149425288,0.0053639846743295016,0.0053639846743295016,0.004980842911877395,0.002913186163930906,0.008503519589201463,-0.0056767019777768,0.0,50,0.0,-0.0111930835482947
scenario,partial_hic_fallback,1.5,0.3,inversion,7148,4142,0.8641578063794069,0.0,0.02630106323447118,0.030358142137660884,0.026626076602667914,0.0345947238501559,0.0,0.0,50,0.62,0.00417676327308655
scenario,partial_hic_fallback,2.0,0.03,duplication,52,51,0.9038461538461539,0.0,0.0,0.0,0.0,0.06879223612386234,-0.00248018463390805,0.0,50,0.0,-0.01299125679868555
scenario,partial_hic_fallback,2.0,0.03,inversion,164,149,0.9146341463414634,0.0,0.024390243902439025,0.024390243902439025,0.009524838224461082,0.06102661493792126,0.0,0.0,50,0.58,0.00273722288759385
scenario,partial_hic_fallback,2.0,0.05,duplication,133,129,0.9022556390977443,0.0,0.0,0.0,0.0,0.02807233168807166,-0.0020629475767795,0.0,50,0.0,-0.0054939530283302
scenario,partial_hic_fallback,2.0,0.05,inversion,446,405,0.9260089686098655,0.0,0.03139013452914798,0.04035874439461883,0.025678940418443368,0.06288883838332077,0.0,0.0,50,0.7,0.00333653729830195
scenario,partial_hic_fallback,2.0,0.07,duplication,260,244,0.9615384615384616,0.0,0.0,0.0,0.0,0.014559724001923326,-0.002749996934919,0.0,50,0.0,-0.0108362237677772
scenario,partial_hic_fallback,2.0,0.07,inversion,866,739,0.9295612009237876,0.0,0.026558891454965358,0.03464203233256351,0.02437190099375533,0.049022460902087756,0.0,0.0,50,0.6,0.0028188479050899997
scenario,partial_hic_fallback,2.0,0.09,duplication,460,427,0.9217391304347826,0.0,0.0,0.0,0.0,0.008281835846370746,-0.0030934090782289,0.0,50,0.0,-0.0088845609685154
scenario,partial_hic_fallback,2.0,0.09,inversion,1288,1058,0.9239130434782609,0.0,0.021739130434782608,0.02562111801242236,0.01830101885700943,0.035762471940422876,0.0,0.0,50,0.48,0.0
scenario,partial_hic_fallback,2.0,0.1,duplication,558,528,0.9265232974910395,0.0035842293906810036,0.0035842293906810036,0.0035842293906810036,0.0009834759042729718,0.012973235010498884,-0.002749996934919,0.0,50,0.0,-0.0150821346931258
scenario,partial_hic_fallback,2.0,0.1,inversion,1651,1304,0.93519079345851,0.0,0.027256208358570563,0.031496062992125984,0.024098738815741625,0.04106850620696058,0.0,0.0,50,0.56,0.0025213888948248
scenario,partial_hic_fallback,2.0,0.12,duplication,735,661,0.9115646258503401,0.0013605442176870747,0.0013605442176870747,0.0,0.0,0.005199300573665277,-0.00280447744879015,0.0,50,0.0,-0.011155125066312149
scenario,partial_hic_fallback,2.0,0.12,inversion,2206,1674,0.9347234814143246,0.0,0.028558476881233003,0.03218495013599275,0.025594858050839133,0.040401486727000266,0.0,0.0,50,0.54,0.00037840096051615
scenario,partial_hic_fallback,2.0,0.15,duplication,1124,996,0.9314946619217082,0.0017793594306049821,0.0017793594306049821,0.0017793594306049821,0.00048810023378277135,0.006464524853162868,-0.0027499969349192,0.0,50,0.0,-0.01810905980960425
scenario,partial_hic_fallback,2.0,0.15,inversion,2980,2181,0.9228187919463087,0.0,0.025503355704697986,0.03120805369127517,0.025543550712744997,0.038079621443233194,0.0,0.0,50,0.68,0.0047915260424886506
scenario,partial_hic_fallback,2.0,0.18,duplication,1370,1186,0.9313868613138686,0.00145985401459854,0.00145985401459854,0.00072992700729927,0.0001288616625671709,0.004123054585256967,-0.002801569674615,0.0,50,0.0,-0.020475998629709002
scenario,partial_hic_fallback,2.0,0.18,inversion,3874,2662,0.9380485286525555,0.0,0.032782653588022716,0.03923593185338152,0.03356447472837964,0.045820271164329705,0.0,0.0,50,0.58,0.00273840148888465
scenario,partial_hic_fallback,2.0,0.2,duplication,1598,1356,0.928035043804756,0.0012515644555694619,0.0012515644555694619,0.0006257822277847309,0.00011047447154178321,0.0035362402445292553,-0.002749996934919,0.0,50,0.0,-0.01978671199959775
scenario,partial_hic_fallback,2.0,0.2,inversion,4479,2981,0.926992632283992,0.0,0.02567537396740344,0.03036392051797276,0.02572736498403924,0.03580536182652702,0.0,0.0,50,0.6,0.0042958013220065
scenario,partial_hic_fallback,2.0,0.25,duplication,2186,1807,0.9199451052150046,0.0009149130832570906,0.0009149130832570906,0.0009149130832570906,0.0002509380335941481,0.0033298959985266175,-0.002749996934919,0.0,50,0.0,-0.008283676124656851
scenario,partial_hic_fallback,2.0,0.25,inversion,5944,3623,0.9286675639300135,0.0,0.02725437415881561,0.03263795423956931,0.028414033580358128,0.0374655735903391,0.0,0.0,50,0.54,0.001818140469133
scenario,partial_hic_fallback,2.0,0.3,duplication,2648,2093,0.9324018126888217,0.0011329305135951663,0.0011329305135951663,0.0011329305135951663,0.0003853717477175836,0.003325807436075229,-0.0030918119993706,0.0,50,0.0,-0.0161256025818379
scenario,partial_hic_fallback,2.0,0.3,inversion,7120,4145,0.9349719101123596,0.0,0.028370786516853933,0.032724719101123595,0.02883755183473321,0.037115833222557675,0.0,0.0,50,0.64,0.0031288216545471
overall,ALL,,,duplication,86890,74133,0.6539878006675106,0.03955576015651974,0.03955576015651974,0.03763378984923466,0.036388709272945186,0.03891975159101424,-0.0150654937125064,0.0,4385,0.03329532497149373,-0.0138793597580141
overall,ALL,,,inversion,241208,162430,0.661234287419986,0.0,0.03404530529667341,0.03663228416967928,0.03588994573974363,0.037389381477026896,0.0,0.0,4400,0.41659090909090907,0.0
